Team,Games,Win,Loss,Off_Rank,Off_Plays,Off_Yards,Off_Yards_Play,Off_TDs,Total_TDs,Off_Yards_per_Game,Def_Rank,Def_Plays,Yards_Allowed,Yards_Play_Allowed,Off_TDs_Allowed,Total_TDs_Allowed,Yards_Per_Game_Allowed,First_Down_Rank,First_Down_Runs,First_Down_Passes,First_Down_Penalties,First_Downs,First_Down_Def_Rank,Opp_First_Down_Runs,Opp_First_Down_Passes,Opp_First_Down_Penalties,Opp_First_Downs,X4th_Down_Rank,X4th_Attempts,X4th_Conversions,X4th_Percent,X4rd_Down_Def_Rank,Opp_4th_Conversion,Opp_4th_Attempt,Opponent_4th_Percent,Kickoff_Return_Rank,Kickoffs_Returned,Kickoff_Return_Yards,Kickoff_Return_Touchdowns,Avg_Yard_per_Kickoff_Return,Passing_Off_Rank,Pass_Attempts,Pass_Completions,Interceptions_Thrown_x,Pass_Yards,Pass_Yards_Attempt,Yards_Completion,Pass_Touchdowns,Pass_Yards_Per_Game,Pass_Def_Rank,Opp_Completions_Allowed,Opp_Pass_Attempts,Opp_Pass_Yds_Allowed,Opp_Pass_TDs_Allowed,Yards_Attempt_Allowed,Yards_Completion_Allowed,Pass_Yards_Per_Game_Allowed,Penalty_Rank,Penalties,Penalty_Yards,Penalty_Yards_Per_Game,Punt_Return_Rank,Punt_Returns,Net_Punt_Return_Yards,Punt_Return_Touchdowns,Avg_Yards_Per_Punt_Return,Punt_Return_Def_Rank,Opp_Punt_Returns,Opp_Net_Punt_Return_Yards,Opp_Punt_Return_Touchdowns_Allowed,Avg_Yards_Allowed_per_Punt_Return,Redzone_Off_Rank,Redzone_Attempts,Redzone_Rush_TD,Redzone_Pass_TD,Redzone_Field_Goals_Made,Redzone_Scores,Redzone_Points,Redzone_Def_Rank,Opp_Redzone_Attempts,Opp_Redzone_Rush_TD_Allowed,Opp_Redzone_Pass_Touchdowns_Allowed,Opp_Redzone_Field_Goals_Made,Opp_Redzone_Scores,Redzone_Points_Allowed,Rushing_Off_Rank,Rush_Attempts,Rush_Yds,Yards_Rush,Rushing_TD,Rushing_Yards_per_Game,Rushing_Def_Rank,Opp_Rush_Attempts,Opp_Rush_Yards_Alloweed,Yds_Rush_Allowed,Opp_Rush_Touchdowns_Allowed,Rush_Yards_Per_Game_Allowed,Sack_Rank,Sacks,Sack_Yards,Average_Sacks_per_Game,Scoring_Def_Rank,Touchdowns_Allowed,Opponent_Extra_Points,X2_Point_Conversions_Allowed,Opp_Deflected_Extra_Points,Opp_Feild_Goals_Made,Opp_Safety,Points_Allowed,Avg_Points_per_Game_Allowed,Scoring_Off_Rank,Touchdowns,PAT,X2_Point_Conversions,Defensive_Points,Feild_Goals,Safety,Total_Points,Points_Per_Game,Tackle_for_Loss_Rank,Solo_Tackle_For_Loss,Assist_Tackle_For_Loss,Tackle_for_Loss_Yards,Total_Tackle_For_Loss,Tackle_For_Loss_Per_Game,X3rd_Down_Rank,X3rd_Attempts,X3rd_Conversions,X3rd_Percent,X3rd_Down_Def_Rank,Opp_3rd_Conversion,Opp_3rd_Attempt,Opponent_3rd_Percent,Time_of_Possession_Rank,Time_of_Possession,Average_Time_of_Possession_per_Game,Turnover_Rank,Fumbles_Recovered,Opponents_Intercepted,Turnovers_Gain,Fumbles_Lost,Interceptions_Thrown_y,Turnovers_Lost,Turnover_Margin,Avg_Turnover_Margin_per_Game,Year,___40,Kickoff_Return_Def_Rank,Opp_Kickoff_Returns,Kickoff_Touchbacks,Opponent_Kickoff_Return_Yards,Opp_Kickoff_Return_Touchdowns_Allowed,Avg_Yards_per_Kickoff_Return_Allowed,Conference,Conference Division,Ranking
Alabama,15,14,1,34,1056,6829,6.47,59,,455.3,2,983,3927,3.99,20,21,261.8,13,71,125,21,217,13,71,125,21,217,33,10,17,0.588,1,4,23,0.174,79,57,52,1212,0.0,87,417,265,9,3154,7.56,11.9,26,210.3,24,273,507,2968,15,5.85,10.87,197.9,25,86,660,44.0,103,20,213,0,10.65,103,20,213,0,10.65,24,65,24,16,18,58,0.892,59,25,4,8,9,21,0.84,12,639,3675,5.75,33,245.0,1,476,959,2.01,5,63.9,35,24,143,1.6,1,21,19,0,1,16,0,195,13.0,16,74,72,0,0,22,0,582,38.8,11,91,54,615,118,7.9,35,208,91,0.438,8,73,238,0.307,46,   463:59,   30:55,17,13,16,29,10,9,19,10,0.67,2016,21.26,79.0,57.0,52.0,1212.0,0.0,21.26,SEC,SEC West,1
Arkansas,13,7,6,54,923,5569,6.03,47,,428.4,76,822,5546,6.75,51,54,426.6,32,114,124,11,249,32,114,124,11,249,42,10,18,0.556,103,8,13,0.615,66,54,15,1115,0.0,32,406,247,15,3434,8.46,13.9,26,264.2,58,218,370,2875,12,7.77,13.19,221.2,55,80,680,52.31,39,18,101,0,5.61,39,18,101,0,5.61,100,58,14,21,11,46,0.793,74,48,28,7,6,41,0.854,78,517,2135,4.13,21,164.2,94,452,2671,5.91,39,205.5,103,35,264,2.69,85,54,51,1,0,9,0,404,31.1,57,51,45,2,0,13,0,394,30.3,118,36,46,286,59,4.5,70,176,70,0.398,112,74,165,0.448,2,   451:28,   34:43,90,11,10,21,10,15,25,-4,-0.31,2016,20.65,66.0,54.0,15.0,1115.0,0.0,20.65,SEC,SEC West,5
Auburn,13,8,5,43,934,5730,6.13,45,,440.8,28,928,4705,5.07,22,23,361.9,34,95,137,18,250,34,95,137,18,250,80,10,21,0.476,63,12,23,0.522,13,19,63,342,0.0,112,289,178,6,2203,7.62,12.38,12,169.5,67,270,466,2979,14,6.39,11.03,229.2,6,61,475,36.54,8,6,19,0,3.17,8,6,19,0,3.17,52,55,25,6,16,47,0.855,11,43,7,11,14,32,0.744,6,645,3527,5.47,33,271.3,27,462,1726,3.74,8,132.8,27,19,137,1.46,7,23,21,0,0,21,0,222,17.1,49,46,44,0,0,28,1,406,31.2,42,69,28,313,83,6.4,53,182,76,0.418,25,70,201,0.348,76,   379:21,   29:10,42,6,11,17,8,6,14,3,0.23,2016,18.0,13.0,19.0,63.0,342.0,0.0,18.0,SEC,SEC West,3
Florida,13,9,4,116,862,4472,5.19,29,,344.0,5,816,3809,4.67,24,27,293.0,7,96,83,27,206,7,96,83,27,206,86,7,15,0.467,4,4,16,0.25,110,15,48,354,0.0,79,410,241,15,2805,6.84,11.64,18,215.8,2,148,328,1931,8,5.89,13.05,148.5,88,88,758,58.31,96,29,284,1,9.79,96,29,284,1,9.79,126,42,10,11,9,30,0.714,4,39,14,4,10,28,0.718,113,452,1667,3.69,11,128.2,38,488,1878,3.85,16,144.5,68,28,221,2.15,6,27,26,0,0,10,0,218,16.8,107,35,32,1,1,21,1,311,23.9,48,55,50,341,80,6.2,55,192,80,0.417,24,63,181,0.348,38,   405:51,   31:13,49,8,16,24,7,15,22,2,0.15,2016,23.6,110.0,15.0,48.0,354.0,0.0,23.6,SEC,SEC East,1
Georgia,13,8,5,87,919,5001,5.44,34,,384.7,16,809,4257,5.26,38,41,327.5,8,101,96,11,208,8,101,96,11,208,51,7,13,0.538,31,7,17,0.412,116,42,24,1001,1.0,97,386,212,9,2515,6.52,11.86,16,193.5,16,200,339,2389,14,7.05,11.95,183.8,16,74,547,42.08,43,20,122,0,6.1,43,20,122,0,6.1,64,45,15,10,13,38,0.844,113,43,21,11,7,39,0.907,50,533,2486,4.66,18,191.2,36,470,1868,3.97,24,143.7,47,24,146,1.85,35,41,39,0,0,9,0,312,24.0,102,38,36,1,0,17,1,319,24.5,109,48,28,284,62,4.8,54,194,81,0.418,34,64,174,0.368,8,   438:16,   33:42,18,12,15,27,10,9,19,8,0.62,2016,23.83,116.0,42.0,24.0,1001.0,1.0,23.83,SEC,SEC East,2
Illinois,12,3,9,123,711,3781,5.32,27,,315.1,61,877,4861,5.54,46,47,405.1,51,126,112,20,258,51,126,112,20,258,97,7,16,0.438,10,5,16,0.313,117,28,20,676,0.0,109,358,183,9,2095,5.85,11.45,13,174.6,17,194,308,2231,11,7.24,11.5,185.9,61,75,639,53.25,109,24,273,1,11.38,109,24,273,1,11.38,109,31,8,9,7,24,0.774,102,57,27,9,15,51,0.895,105,353,1686,4.78,14,140.5,105,569,2630,4.62,35,219.2,39,20,143,1.67,94,47,46,1,0,17,1,383,31.9,122,28,26,2,0,12,1,236,19.7,10,75,40,320,95,7.9,127,155,44,0.284,107,78,175,0.446,121,   313:20,   26:06,82,11,7,18,11,9,20,-2,-0.17,2016,24.14,117.0,28.0,20.0,676.0,0.0,24.14,Big Ten,Big Ten West,6
Indiana,13,6,7,56,990,5538,5.59,39,,426.0,45,971,4941,5.09,37,42,380.1,40,112,123,18,253,40,112,123,18,253,124,7,27,0.259,108,17,27,0.63,46,35,29,688,0.0,28,456,263,18,3559,7.8,13.53,21,273.8,53,219,417,2856,17,6.85,13.04,219.7,59,79,686,52.77,42,32,195,1,6.09,42,32,195,1,6.09,126,49,14,10,11,35,0.714,113,43,17,6,16,39,0.907,92,534,1979,3.71,18,152.2,53,554,2085,3.76,20,160.4,78,29,235,2.23,57,42,37,0,0,21,1,354,27.2,88,41,33,1,0,16,3,335,25.8,19,81,32,354,97,7.5,69,203,81,0.399,15,68,207,0.329,95,   365:36,   28:07,104,10,13,23,11,18,29,-6,-0.46,2016,19.66,46.0,35.0,29.0,688.0,0.0,19.66,Big Ten,Big Ten East,4
Iowa,13,8,5,121,812,4225,5.2,40,,325.0,23,893,4565,5.11,28,30,351.2,20,106,115,15,236,20,106,115,15,236,11,11,17,0.647,87,12,21,0.571,58,21,42,428,0.0,118,310,175,10,1991,6.42,11.38,17,153.2,29,202,401,2618,18,6.53,12.96,201.4,15,65,537,41.31,105,12,134,0,11.17,105,12,134,0,11.17,34,41,16,11,9,36,0.878,13,36,8,10,9,27,0.75,67,502,2234,4.45,23,171.8,45,492,1947,3.96,10,149.8,84,30,217,2.31,13,30,29,0,0,12,0,245,18.8,95,42,38,1,0,10,1,324,24.9,113,46,28,247,60,4.6,120,157,50,0.318,27,64,183,0.35,105,   356:51,   27:27,28,9,9,18,2,10,12,6,0.46,2016,20.38,58.0,21.0,42.0,428.0,0.0,20.38,Big Ten,Big Ten West,3
Kentucky,13,7,6,61,872,5463,6.26,47,,420.2,85,928,5645,6.08,45,50,434.2,110,157,123,15,295,110,157,123,15,295,3,12,16,0.75,75,7,13,0.538,41,51,24,997,0.0,102,312,170,12,2419,7.75,14.23,17,186.1,35,202,352,2679,20,7.61,13.26,206.1,36,66,605,46.54,33,23,125,0,5.43,33,23,125,0,5.43,49,42,19,6,11,36,0.857,44,47,19,8,11,38,0.809,20,560,3044,5.44,30,234.2,110,576,2966,5.15,25,228.2,68,28,189,2.15,86,50,48,1,0,19,0,407,31.3,58,49,44,2,0,16,0,390,30.0,93,54,30,277,69,5.3,77,184,72,0.391,106,80,180,0.444,65,   388:06,   29:51,107,8,13,21,16,12,28,-7,-0.54,2016,19.55,41.0,51.0,24.0,997.0,0.0,19.55,SEC,SEC East,3
LSU,12,8,4,59,757,5077,6.71,42,,423.1,10,793,3773,4.76,16,16,314.4,3,77,100,15,192,3,77,100,15,192,128,1,8,0.125,68,10,19,0.526,27,49,14,919,0.0,101,298,174,7,2281,7.65,13.11,12,190.1,23,194,364,2366,9,6.5,12.2,197.2,14,58,492,41.0,11,11,38,0,3.45,11,11,38,0,3.45,75,40,19,6,8,33,0.825,50,33,6,2,19,27,0.818,21,459,2796,6.09,30,233.0,13,429,1407,3.28,7,117.3,32,19,112,1.58,5,16,12,3,0,25,0,189,15.8,68,44,41,0,0,11,1,340,28.3,41,51,52,341,77,6.4,38,152,66,0.434,12,61,189,0.323,40,   373:33,   31:07,67,8,9,17,10,7,17,0,0.0,2016,18.76,27.0,49.0,14.0,919.0,0.0,18.76,SEC,SEC West,2
Maryland,13,6,7,95,875,4911,5.61,41,,377.8,77,980,5552,5.67,50,52,427.1,115,143,129,27,299,115,143,129,27,299,111,11,29,0.379,23,10,26,0.385,21,52,9,952,0.0,106,342,196,9,2317,6.77,11.82,15,178.2,45,221,394,2760,19,7.01,12.49,212.3,98,88,794,61.08,26,20,100,0,5.0,26,20,100,0,5.0,66,38,16,7,9,32,0.842,27,56,25,12,7,44,0.786,43,533,2594,4.87,26,199.5,99,586,2792,4.76,31,214.8,127,49,333,3.77,74,52,45,0,0,9,0,384,29.5,88,44,37,2,0,10,0,335,25.8,34,70,34,368,87,6.7,108,181,62,0.343,42,72,192,0.375,100,   361:05,   27:46,107,7,5,12,10,9,19,-7,-0.54,2016,18.31,21.0,52.0,9.0,952.0,0.0,18.31,Big Ten,Big Ten East,5
Michigan,13,10,3,58,944,5524,5.85,61,,424.9,1,809,3403,4.21,20,22,261.8,1,91,71,24,186,1,91,71,24,186,9,13,20,0.65,27,11,27,0.407,91,42,53,928,0.0,85,370,228,7,2756,7.45,12.09,20,212.0,1,143,328,1853,11,5.65,12.96,142.5,33,63,593,45.62,47,21,137,0,6.52,47,21,137,0,6.52,13,68,32,12,18,62,0.912,3,28,7,7,6,20,0.714,33,574,2768,4.82,41,212.9,15,481,1550,3.22,9,119.2,40,22,145,1.69,2,22,17,1,0,10,1,183,14.1,11,66,63,2,2,19,0,524,40.3,2,88,66,497,121,9.3,40,183,79,0.432,1,37,176,0.21,15,   429:38,   33:02,24,6,13,19,5,7,12,7,0.54,2016,22.1,91.0,42.0,53.0,928.0,0.0,22.1,Big Ten,Big Ten East,3
Michigan St.,12,3,9,75,841,4740,5.64,33,,395.0,32,792,4378,5.53,40,42,364.8,14,92,108,23,223,14,92,108,23,223,80,10,21,0.476,115,11,17,0.647,87,31,23,678,1.0,74,370,211,11,2668,7.21,12.64,19,222.3,36,198,332,2474,19,7.45,12.49,206.2,94,77,724,60.33,34,16,87,0,5.44,34,16,87,0,5.44,91,42,12,12,10,34,0.81,111,41,18,10,9,37,0.902,65,471,2072,4.4,14,172.7,51,460,1904,4.14,21,158.7,81,27,150,2.25,61,42,39,1,1,12,1,333,27.8,104,35,30,2,0,15,0,289,24.1,111,40,32,197,56,4.7,80,173,67,0.387,90,71,168,0.423,31,   380:21,   31:41,98,5,8,13,7,11,18,-5,-0.42,2016,21.87,87.0,31.0,23.0,678.0,1.0,21.87,Big Ten,Big Ten East,6
Minnesota,13,9,4,107,886,4644,5.24,43,,357.2,21,940,4534,4.82,34,35,348.8,30,95,129,23,247,30,95,129,23,247,61,5,10,0.5,49,12,26,0.462,18,31,38,563,0.0,111,328,181,12,2257,6.88,12.47,9,173.6,73,274,487,3002,22,6.16,10.96,230.9,80,88,743,57.15,18,31,129,0,4.16,18,31,129,0,4.16,36,56,30,8,11,49,0.875,109,39,10,15,10,35,0.897,54,558,2387,4.28,34,183.6,14,453,1532,3.38,12,117.8,19,17,95,1.31,21,35,28,1,0,15,1,287,22.1,63,45,43,0,0,22,1,381,29.3,12,85,32,407,101,7.8,82,190,73,0.384,56,83,214,0.388,41,   404:23,   31:06,18,16,9,25,5,12,17,8,0.62,2016,18.16,18.0,31.0,38.0,563.0,0.0,18.16,Big Ten,Big Ten West,4
Mississippi St.,13,6,7,44,943,5723,6.07,48,,440.2,110,957,5968,6.24,50,53,459.1,113,110,172,16,298,113,110,172,16,298,61,14,28,0.5,119,19,28,0.679,53,42,24,843,0.0,89,411,230,10,2726,6.63,11.85,24,209.7,120,291,472,3660,33,7.75,12.58,281.5,41,68,617,47.46,120,9,133,1,14.78,120,9,133,1,14.78,110,53,18,13,10,41,0.774,43,57,11,23,12,46,0.807,23,532,2997,5.63,24,230.5,70,485,2308,4.76,17,177.5,25,18,117,1.38,93,53,44,3,0,15,0,413,31.8,56,52,48,1,0,11,0,395,30.4,45,67,28,277,81,6.2,63,192,78,0.406,79,78,190,0.411,83,   375:06,   28:51,24,9,14,23,6,10,16,7,0.54,2016,20.07,53.0,42.0,24.0,843.0,0.0,20.07,SEC,SEC West,6
Missouri,12,4,8,13,948,6006,6.34,49,,500.5,118,949,5756,6.07,45,49,479.7,77,120,133,20,273,77,120,133,20,273,48,13,24,0.542,32,5,12,0.417,122,21,44,541,1.0,20,448,249,10,3545,7.91,14.24,25,295.4,86,241,418,2962,17,7.09,12.29,246.8,79,80,685,57.08,38,20,111,0,5.55,38,20,111,0,5.55,119,51,19,14,5,38,0.745,52,50,18,13,10,41,0.82,38,500,2461,4.92,24,205.1,112,531,2794,5.26,28,232.8,16,14,101,1.17,90,49,48,0,0,12,0,378,31.5,48,52,45,1,0,6,0,377,31.4,55,62,20,267,72,6.0,43,193,83,0.43,104,86,194,0.443,128,   291:38,   24:18,85,5,15,20,13,10,23,-3,-0.25,2016,25.76,122.0,21.0,44.0,541.0,1.0,25.76,SEC,SEC East,7
Nebraska,13,9,4,90,923,4951,5.36,42,,380.8,30,855,4728,5.53,38,40,363.7,18,91,121,19,231,18,91,121,19,231,37,12,21,0.571,49,12,26,0.462,92,38,32,840,0.0,86,400,201,9,2752,6.88,13.69,18,211.7,49,254,422,2806,16,6.65,11.05,215.8,62,75,695,53.46,104,21,224,0,10.67,104,21,224,0,10.67,82,45,21,7,9,37,0.822,73,34,13,9,7,29,0.853,73,523,2199,4.2,24,169.2,43,433,1922,4.44,22,147.8,14,15,135,1.15,33,40,31,1,0,12,1,311,23.9,79,44,43,1,0,12,0,345,26.5,97,52,32,246,68,5.2,33,196,86,0.439,41,67,179,0.374,26,   418:07,   32:09,34,3,16,19,5,9,14,5,0.38,2016,22.11,92.0,38.0,32.0,840.0,0.0,22.11,Big Ten,Big Ten West,2
Northwestern,13,7,6,73,984,5177,5.26,44,,398.2,60,974,5257,5.4,33,34,404.4,90,113,156,11,280,90,113,156,11,280,61,15,30,0.5,75,14,26,0.538,72,33,32,689,0.0,53,483,282,9,3186,6.6,11.3,22,245.1,109,303,496,3448,13,6.95,11.38,265.2,3,47,389,29.92,91,24,229,0,9.54,91,24,229,0,9.54,123,42,14,10,7,31,0.738,9,56,18,9,14,41,0.732,91,501,1991,3.97,22,153.2,30,478,1809,3.78,20,139.2,113,39,224,3.0,24,34,27,1,0,18,1,289,22.2,87,45,42,0,0,8,1,338,26.0,57,63,28,328,77,5.9,75,195,77,0.395,33,69,189,0.365,120,   344:00,   26:27,14,9,16,25,7,9,16,9,0.69,2016,20.88,72.0,33.0,32.0,689.0,0.0,20.88,Big Ten,Big Ten West,5
Ohio St.,13,11,2,31,992,5969,6.02,59,,459.2,6,882,3858,4.37,19,22,296.8,5,88,104,8,200,5,88,104,8,200,18,13,21,0.619,16,8,23,0.348,30,52,36,984,1.0,81,409,255,7,2781,6.8,10.91,26,213.9,7,196,401,2239,11,5.58,11.42,172.2,50,82,658,50.62,15,14,55,0,3.93,15,14,55,0,3.93,40,62,28,12,14,54,0.871,5,40,8,7,14,29,0.725,11,583,3188,5.47,33,245.2,19,481,1619,3.37,8,124.5,68,28,150,2.15,3,22,21,0,0,16,0,201,15.5,13,66,63,0,0,17,1,512,39.4,34,63,48,357,87,6.7,17,199,93,0.467,11,64,199,0.322,13,   431:15,   33:10,3,6,21,27,5,7,12,15,1.15,2016,18.92,30.0,52.0,36.0,984.0,1.0,18.92,Big Ten,Big Ten East,2
Ole Miss,12,5,7,26,905,5572,6.16,44,,464.3,111,896,5535,6.18,46,50,461.3,74,137,116,17,270,74,137,116,17,270,112,6,16,0.375,113,9,14,0.643,62,45,32,921,0.0,13,483,289,14,3779,7.82,13.08,27,314.9,48,206,350,2579,15,7.37,12.52,214.9,22,59,520,43.33,112,15,177,1,11.8,112,15,177,1,11.8,66,57,13,18,17,48,0.842,126,48,25,10,10,45,0.938,95,422,1793,4.25,17,149.4,120,546,2956,5.41,31,246.3,73,26,153,2.17,100,50,48,0,0,20,0,408,34.0,42,47,41,1,0,22,0,391,32.6,70,51,34,265,68,5.7,68,169,68,0.402,85,75,180,0.417,123,   311:13,   25:56,85,8,8,16,5,14,19,-3,-0.25,2016,20.47,62.0,45.0,32.0,921.0,0.0,20.47,SEC,SEC West,7
Penn St.,14,11,3,49,931,6056,6.5,63,,432.6,37,1023,5151,5.04,40,42,367.9,79,109,140,25,274,79,109,140,25,274,61,10,20,0.5,22,8,21,0.381,28,50,46,941,0.0,36,391,226,8,3650,9.34,16.15,29,260.7,50,292,472,3033,18,6.43,10.39,216.6,28,68,622,44.43,54,21,146,0,6.95,54,21,146,0,6.95,43,67,26,11,21,58,0.866,106,48,18,11,14,43,0.896,66,540,2406,4.46,34,171.9,48,551,2118,3.84,22,151.3,41,24,161,1.71,47,42,40,1,0,20,1,356,25.4,21,66,62,1,0,22,0,526,37.6,7,79,68,442,113,8.1,117,172,56,0.326,52,84,219,0.384,102,   388:17,   27:44,64,11,10,21,12,8,20,1,0.07,2016,18.82,28.0,50.0,46.0,941.0,0.0,18.82,Big Ten,Big Ten East,1
Purdue,12,3,9,80,918,4693,5.11,37,,391.1,91,860,5350,6.22,57,59,445.8,57,135,112,14,261,57,135,112,14,261,90,15,33,0.455,120,9,13,0.692,5,44,7,743,0.0,21,557,312,25,3539,6.35,11.34,25,294.9,38,187,315,2489,22,7.9,13.31,207.4,8,52,447,37.25,9,14,45,0,3.21,9,14,45,0,3.21,116,37,10,9,9,28,0.757,102,57,26,14,11,51,0.895,125,361,1154,3.2,12,96.2,115,545,2861,5.25,35,238.4,91,29,194,2.42,117,59,54,3,0,15,0,459,38.3,101,38,35,0,0,10,1,295,24.6,75,56,22,315,67,5.6,25,202,91,0.45,125,89,181,0.492,73,   351:53,   29:19,128,4,12,16,8,25,33,-17,-1.42,2016,16.89,5.0,44.0,7.0,743.0,0.0,16.89,Big Ten,Big Ten West,7
Rutgers,12,2,10,128,821,3398,4.14,19,,283.2,97,851,5408,6.35,54,60,450.7,23,143,87,12,242,23,143,87,12,242,97,7,16,0.438,66,11,21,0.524,99,37,4,836,2.0,122,332,159,7,1659,5.0,10.43,11,138.3,18,172,295,2238,21,7.59,13.01,186.5,19,63,516,43.0,99,35,366,2,10.46,99,35,366,2,10.46,128,25,4,5,8,17,0.68,6,55,23,10,7,40,0.727,103,489,1739,3.56,8,144.9,126,556,3170,5.7,33,264.2,109,34,246,2.83,116,60,55,1,0,11,0,450,37.5,127,23,20,0,0,10,0,188,15.7,81,47,38,207,66,5.5,123,195,60,0.308,75,70,173,0.405,110,   326:02,   27:10,98,6,8,14,12,7,19,-5,-0.42,2016,22.59,99.0,37.0,4.0,836.0,2.0,22.59,Big Ten,Big Ten East,7
South Carolina,13,6,7,115,877,4518,5.15,32,,347.5,66,953,5355,5.62,40,44,411.9,113,144,134,20,298,113,144,134,20,298,60,13,25,0.52,91,14,24,0.583,128,36,17,1032,3.0,83,402,248,7,2771,6.89,11.17,12,213.2,39,243,403,2713,20,6.73,11.16,208.7,37,65,606,46.62,92,26,249,0,9.58,92,26,249,0,9.58,117,45,18,8,8,34,0.756,16,53,15,16,9,40,0.755,108,475,1747,3.68,20,134.4,90,550,2642,4.8,20,203.2,118,41,268,3.15,51,44,40,2,0,12,0,344,26.5,116,33,31,1,0,13,0,270,20.8,90,57,26,300,70,5.4,109,184,63,0.342,95,81,190,0.426,62,   389:17,   29:56,24,12,15,27,13,7,20,7,0.54,2016,28.67,128.0,36.0,17.0,1032.0,3.0,28.67,SEC,SEC East,6
Tennessee,13,9,4,40,896,5768,6.44,59,,443.7,95,1000,5840,5.84,46,48,449.2,107,136,135,22,293,107,136,135,22,293,126,2,9,0.222,8,8,26,0.308,57,34,45,689,0.0,62,379,238,12,3100,8.18,13.03,28,238.5,72,238,432,2999,18,6.94,12.6,230.7,75,80,735,56.54,117,12,152,1,12.67,117,12,152,1,12.67,35,49,23,13,7,43,0.878,81,50,20,11,12,43,0.86,37,517,2668,5.16,31,205.2,104,568,2841,5.0,28,218.5,52,25,225,1.92,68,48,45,0,0,14,0,375,28.8,24,63,62,0,0,11,0,473,36.4,14,86,28,371,100,7.7,59,175,72,0.411,47,78,206,0.379,107,   356:13,   27:24,78,13,11,24,14,12,26,-2,-0.15,2016,20.26,57.0,34.0,45.0,689.0,0.0,20.26,SEC,SEC East,4
Texas A&M,13,8,5,24,953,6071,6.37,53,,467.0,90,1035,5743,5.55,37,38,441.8,118,133,142,31,306,118,133,142,31,306,42,10,18,0.556,13,7,21,0.333,49,21,57,417,0.0,46,469,255,9,3317,7.07,13.01,25,255.2,91,272,462,3250,16,7.03,11.95,250.0,58,81,685,52.69,28,20,104,0,5.2,28,20,104,0,5.2,55,54,18,15,13,46,0.852,13,56,14,12,16,42,0.75,34,484,2754,5.69,28,211.8,80,573,2493,4.35,21,191.8,36,21,154,1.62,40,38,32,1,0,19,0,319,24.5,34,57,54,2,0,17,1,453,34.8,4,82,58,437,111,8.5,76,194,76,0.392,58,82,211,0.389,118,   344:38,   26:30,42,12,12,24,12,9,21,3,0.23,2016,19.86,49.0,21.0,57.0,417.0,0.0,19.86,SEC,SEC West,4
Vanderbilt,13,6,7,110,891,4624,5.19,35,,355.7,64,899,5306,5.9,34,37,408.2,66,108,138,20,266,66,108,138,20,266,119,6,18,0.333,12,6,19,0.316,108,39,15,902,1.0,100,394,210,11,2486,6.31,11.84,9,191.2,83,271,444,3180,20,7.16,11.73,244.6,27,67,575,44.23,56,20,141,0,7.05,56,20,141,0,7.05,5,46,24,8,11,43,0.935,1,49,14,9,9,32,0.653,77,497,2138,4.3,26,164.5,57,455,2126,4.67,14,163.5,93,32,217,2.46,35,37,33,0,0,19,0,312,24.0,113,36,36,0,0,15,1,299,23.0,97,48,40,201,68,5.2,102,183,65,0.355,73,77,191,0.403,30,   413:28,   31:48,38,14,5,19,4,11,15,4,0.31,2016,23.13,108.0,39.0,15.0,902.0,1.0,23.13,SEC,SEC East,5
Wisconsin,14,11,3,89,981,5350,5.45,45,,382.1,7,857,4219,4.92,22,24,301.4,16,83,130,16,229,16,83,130,16,229,61,6,12,0.5,18,7,19,0.368,50,29,51,579,0.0,104,323,202,10,2507,7.76,12.41,14,179.1,30,229,436,2836,13,6.5,12.38,202.6,4,48,455,32.5,58,23,168,1,7.3,58,23,168,1,7.3,63,58,26,11,12,49,0.845,30,38,9,8,13,30,0.789,39,658,2843,4.32,31,203.1,3,421,1383,3.29,9,98.8,41,24,149,1.71,4,24,23,0,0,17,0,218,15.6,67,48,45,1,0,20,1,397,28.4,94,58,32,306,74,5.3,30,204,90,0.441,4,50,179,0.279,1,   489:35,   34:58,9,6,22,28,6,10,16,12,0.86,2016,19.97,50.0,29.0,51.0,579.0,0.0,19.97,Big Ten,Big Ten West,1
Alabama,14,13,1,29,944,6217,6.59,64,,444.1,1,913,3646,3.99,17,18,260.4,17,76,114,25,215,17,76,114,25,215,1,15,18,0.833,11,7,19,0.368,24,52,45,973,0.0,91,332,204,3,2708,8.16,13.27,28,193.4,6,229,426,2320,8,5.45,10.13,165.7,23,70,569,40.64,57,6,39,0,6.5,57,6,39,0,6.5,57,68,29,17,12,58,0.853,18,32,9,6,9,24,0.75,13,612,3509,5.73,36,250.6,1,487,1326,2.72,9,94.7,59,27,154,1.93,1,18,15,0,0,14,1,167,11.9,15,66,64,1,0,19,0,519,37.1,24,85,32,414,101,7.2,60,178,72,0.404,30,74,214,0.346,70,   416:33,   29:45,5,5,19,24,7,3,10,14,1.0,2017,18.71,24.0,52.0,45.0,973.0,0.0,18.71,SEC,SEC West,2
Arkansas,12,4,8,94,802,4481,5.59,42,,373.4,101,815,5259,6.45,51,56,438.3,67,128,115,14,257,67,128,115,14,257,69,9,18,0.5,115,10,15,0.667,34,38,21,735,1.0,83,340,192,9,2465,7.25,12.84,18,205.4,92,205,346,2906,23,8.4,14.18,242.2,28,58,505,42.08,12,11,40,0,3.64,12,11,40,0,3.64,38,40,21,9,5,35,0.875,125,52,21,13,14,48,0.923,61,462,2016,4.36,24,168.0,97,469,2353,5.02,28,196.1,113,35,197,2.92,114,56,53,0,0,15,0,434,36.2,62,46,41,2,0,8,0,345,28.8,125,39,18,190,48,4.0,45,165,69,0.418,121,77,162,0.475,28,   376:57,   31:24,75,9,8,17,9,9,18,-1,-0.08,2017,19.34,34.0,38.0,21.0,735.0,1.0,19.34,SEC,SEC West,7
Auburn,14,10,4,26,1024,6323,6.17,55,,451.6,14,957,4471,4.67,27,31,319.4,32,100,111,22,233,32,100,111,22,233,82,7,15,0.467,46,14,30,0.467,129,25,65,680,1.0,65,382,255,6,3267,8.55,12.81,21,233.4,18,232,428,2553,16,5.96,11.0,182.4,13,63,537,38.36,108,14,160,1,11.43,108,14,160,1,11.43,36,59,29,9,14,52,0.881,64,36,8,12,10,30,0.833,26,642,3056,4.76,34,218.3,35,529,1918,3.63,11,137.0,100,36,224,2.57,12,31,29,1,0,14,0,259,18.5,27,58,57,0,0,23,0,474,33.9,70,65,32,341,81,5.8,15,209,95,0.455,20,73,222,0.329,31,   439:03,   31:21,71,13,6,19,14,6,20,-1,-0.07,2017,27.2,129.0,25.0,65.0,680.0,1.0,27.2,SEC,SEC West,1
Florida,11,4,7,109,712,3695,5.19,25,,335.9,31,670,3842,5.73,32,36,349.3,4,82,92,18,192,4,82,92,18,192,10,12,18,0.667,123,5,7,0.714,126,9,39,239,0.0,101,312,174,10,1975,6.33,11.35,10,179.5,28,148,270,2149,16,7.96,14.52,195.4,90,88,646,58.73,105,28,306,0,10.93,105,28,306,0,10.93,3,31,13,8,9,30,0.968,62,35,9,12,8,29,0.829,75,400,1720,4.3,15,156.4,50,400,1693,4.23,16,153.9,123,37,242,3.36,69,36,36,0,0,16,0,300,27.3,108,28,24,0,0,17,0,243,22.1,45,50,44,235,72,6.5,116,157,51,0.325,22,46,139,0.331,38,   341:35,   31:03,89,3,14,17,10,10,20,-3,-0.27,2017,26.56,126.0,9.0,39.0,239.0,0.0,26.56,SEC,SEC East,5
Georgia,15,13,2,32,975,6529,6.7,66,,435.3,6,943,4424,4.69,27,28,294.9,36,108,103,23,234,36,108,103,23,234,41,7,12,0.583,6,5,17,0.294,40,29,67,566,0.0,105,305,186,9,2653,8.7,14.26,24,176.9,8,244,437,2534,19,5.8,10.39,168.9,76,95,835,55.67,45,17,101,0,5.94,45,17,101,0,5.94,4,55,25,14,14,53,0.964,25,40,7,12,12,31,0.775,9,670,3876,5.79,42,258.4,20,506,1890,3.74,8,126.0,28,22,150,1.47,6,28,27,0,0,17,0,246,16.4,20,67,64,1,0,21,0,531,35.4,55,74,38,388,93,6.2,11,195,89,0.456,19,71,216,0.329,19,   481:48,   32:07,44,8,12,20,7,9,16,4,0.27,2017,19.52,40.0,29.0,67.0,566.0,0.0,19.52,SEC,SEC East,1
Illinois,12,2,10,126,725,3365,4.64,19,,280.4,85,887,5021,5.66,47,50,418.4,82,137,109,23,269,82,137,109,23,269,105,4,10,0.4,115,12,18,0.667,32,11,31,212,0.0,106,339,168,19,2098,6.19,12.49,8,174.8,34,201,339,2399,20,7.08,11.94,199.9,106,85,768,64.0,28,30,143,0,4.77,28,30,143,0,4.77,28,27,9,5,10,24,0.889,53,59,25,15,8,48,0.814,122,386,1267,3.28,11,105.6,116,548,2622,4.78,27,218.5,125,42,277,3.5,91,50,48,0,0,10,0,378,31.5,126,21,17,2,1,12,0,185,15.4,115,38,30,194,53,4.4,110,173,58,0.335,105,76,174,0.437,102,   338:56,   28:14,106,10,9,19,7,19,26,-7,-0.58,2017,19.27,32.0,11.0,31.0,212.0,0.0,19.27,Big Ten,Big Ten West,7
Indiana,12,5,7,70,951,4749,4.99,36,,395.8,27,829,4081,4.92,36,39,340.1,12,98,84,28,210,12,98,84,28,210,81,9,19,0.474,72,9,17,0.529,119,26,32,647,1.0,35,502,306,13,3188,6.35,10.42,25,265.7,17,181,332,2156,18,6.49,11.91,179.7,92,71,707,58.92,31,25,124,1,4.96,31,25,124,1,4.96,47,44,11,16,11,38,0.864,98,40,15,11,9,35,0.875,105,449,1561,3.48,11,130.1,61,497,1925,3.87,18,160.4,90,29,211,2.42,53,39,38,1,0,10,0,304,25.3,78,39,38,0,0,16,1,322,26.8,21,68,38,348,87,7.3,87,211,80,0.379,8,55,184,0.299,99,   340:37,   28:23,106,8,5,13,7,13,20,-7,-0.58,2017,24.88,119.0,26.0,32.0,647.0,1.0,24.88,Big Ten,Big Ten East,6
Iowa,13,8,5,116,836,4283,5.12,44,,329.5,36,914,4647,5.08,29,30,357.5,49,96,130,18,244,49,96,130,18,244,23,14,22,0.636,56,12,25,0.48,6,37,32,632,0.0,93,355,199,6,2473,6.97,12.43,27,190.2,50,257,459,2767,19,6.03,10.77,212.8,24,66,534,41.08,25,17,79,0,4.65,25,17,79,0,4.65,97,49,15,17,7,39,0.796,36,40,8,10,14,32,0.8,96,481,1810,3.76,17,139.2,42,455,1880,4.13,10,144.6,54,25,173,1.92,17,30,29,0,0,16,1,259,19.9,66,48,44,0,0,11,1,367,28.2,98,52,24,247,64,4.9,104,180,62,0.344,28,65,188,0.346,66,   390:35,   30:02,26,5,21,26,13,6,19,7,0.54,2017,17.08,6.0,37.0,32.0,632.0,0.0,17.08,Big Ten,Big Ten West,3
Kentucky,13,7,6,103,818,4548,5.56,37,,349.8,91,893,5550,6.22,44,46,426.9,108,124,145,20,289,108,124,145,20,289,34,6,10,0.6,105,18,29,0.621,63,35,30,716,0.0,96,330,196,7,2446,7.41,12.48,10,188.2,102,274,427,3271,21,7.66,11.94,251.6,44,71,626,48.15,21,19,84,0,4.42,21,19,84,0,4.42,10,42,22,5,12,39,0.929,98,48,17,11,14,42,0.875,68,488,2102,4.31,27,161.7,78,466,2279,4.89,23,175.3,86,31,191,2.38,75,46,43,0,0,16,0,367,28.2,87,38,36,1,0,22,0,332,25.5,101,53,20,279,63,4.8,72,168,66,0.393,81,75,185,0.405,59,   394:21,   30:20,46,7,11,18,8,7,15,3,0.23,2017,20.46,63.0,35.0,30.0,716.0,0.0,20.46,SEC,SEC East,3
LSU,13,9,4,54,863,5344,6.19,42,,411.1,12,811,4108,5.07,27,27,316.0,13,83,109,19,211,13,83,109,19,211,105,4,10,0.4,15,8,21,0.381,50,38,33,760,0.0,84,300,179,4,2645,8.82,14.78,17,203.5,21,202,378,2439,11,6.45,12.07,187.6,57,75,658,50.62,54,11,69,0,6.27,54,11,69,0,6.27,104,56,23,10,10,43,0.768,64,36,15,4,11,30,0.833,28,563,2699,4.79,25,207.6,24,433,1669,3.85,16,128.4,83,30,170,2.31,14,27,24,2,0,18,1,246,18.9,76,44,40,1,0,16,0,354,27.2,64,54,46,309,77,5.9,51,174,72,0.414,38,63,178,0.354,14,   423:34,   32:34,16,6,12,18,4,4,8,10,0.77,2017,20.0,50.0,38.0,33.0,760.0,0.0,20.0,SEC,SEC West,3
Maryland,12,4,8,119,754,3880,5.15,34,,323.3,86,896,5033,5.62,52,59,419.4,101,119,135,30,284,101,119,135,30,284,85,11,24,0.458,62,8,16,0.5,37,49,5,951,0.0,115,318,175,8,1940,6.1,11.09,15,161.7,71,239,406,2743,23,6.76,11.48,228.6,109,83,774,64.5,107,13,146,1,11.23,107,13,146,1,11.23,108,37,11,11,6,28,0.757,83,55,25,16,6,47,0.855,69,436,1940,4.45,19,161.7,92,490,2290,4.67,29,190.8,113,35,169,2.92,119,59,56,0,0,11,1,445,37.1,100,38,37,0,0,8,0,289,24.1,99,49,20,187,59,4.9,127,161,46,0.286,126,92,186,0.495,115,   327:17,   27:16,53,6,10,16,6,8,14,2,0.17,2017,19.41,37.0,49.0,5.0,951.0,0.0,19.41,Big Ten,Big Ten East,7
Michigan,13,8,5,105,875,4536,5.18,35,,348.9,3,779,3523,4.52,27,30,271.0,3,79,75,25,179,3,79,75,25,179,51,9,16,0.563,42,5,11,0.455,1,37,32,555,0.0,110,346,185,10,2226,6.43,12.03,9,171.2,1,160,328,1951,11,5.95,12.19,150.1,84,86,743,57.15,85,22,198,1,9.0,85,22,198,1,9.0,68,44,18,5,14,37,0.841,64,30,12,6,7,25,0.833,49,529,2310,4.37,26,177.7,18,451,1572,3.49,16,120.9,110,36,264,2.77,13,30,29,0,0,12,0,245,18.8,91,39,35,0,0,19,1,328,25.2,1,72,84,477,114,8.8,115,190,62,0.326,1,47,180,0.261,20,   415:23,   31:57,90,7,10,17,11,10,21,-4,-0.31,2017,15.0,1.0,37.0,32.0,555.0,0.0,15.0,Big Ten,Big Ten East,4
Michigan St.,13,10,3,91,971,4980,5.13,38,,383.1,7,794,3869,4.87,27,31,297.6,9,63,122,21,206,9,63,122,21,206,43,11,19,0.579,99,9,15,0.6,71,47,14,982,1.0,76,424,247,8,2798,6.6,11.33,20,215.2,37,241,426,2630,15,6.17,10.91,202.3,93,84,768,59.08,3,12,31,0,2.58,3,12,31,0,2.58,79,51,14,16,12,42,0.824,94,31,10,8,9,27,0.871,62,547,2182,3.99,18,167.8,2,368,1239,3.37,12,95.3,39,21,139,1.62,19,31,30,1,0,14,0,260,20.0,96,39,38,1,0,15,0,319,24.5,94,44,42,239,65,5.0,21,207,93,0.449,18,57,174,0.328,3,   459:06,   35:18,46,9,14,23,12,8,20,3,0.23,2017,20.89,71.0,47.0,14.0,982.0,1.0,20.89,Big Ten,Big Ten East,2
Minnesota,12,5,7,122,758,3702,4.88,29,,308.5,30,754,4160,5.52,35,36,346.7,11,101,95,12,208,11,101,95,12,208,2,10,13,0.769,25,7,17,0.412,83,35,19,768,0.0,121,233,110,11,1513,6.49,13.75,9,126.1,11,210,332,2094,16,6.31,9.97,174.5,1,39,340,28.33,47,19,114,0,6.0,47,19,114,0,6.0,89,41,17,6,10,33,0.805,72,38,12,14,6,32,0.842,46,525,2189,4.17,20,182.4,73,422,2066,4.9,19,172.2,47,22,170,1.83,36,36,29,1,0,9,0,274,22.8,109,32,31,0,0,14,0,265,22.1,66,60,22,247,71,5.9,109,158,53,0.335,64,63,164,0.384,41,   371:26,   30:57,64,10,8,18,7,11,18,0,0.0,2017,21.94,83.0,35.0,19.0,768.0,0.0,21.94,Big Ten,Big Ten West,6
Mississippi St.,13,9,4,46,987,5442,5.51,47,,418.6,10,761,3982,5.23,31,34,306.3,2,80,72,23,175,2,80,72,23,175,67,13,25,0.52,13,6,16,0.375,16,29,45,520,0.0,112,353,191,14,2170,6.15,11.36,17,166.9,12,159,313,2271,13,7.26,14.28,174.7,72,80,710,54.62,29,9,43,0,4.78,29,9,43,0,4.78,50,58,25,13,12,50,0.862,36,30,13,4,7,24,0.8,11,634,3272,5.16,30,251.7,28,448,1711,3.82,18,131.6,5,13,76,1.0,26,34,33,0,1,11,0,272,20.9,41,53,50,1,0,14,2,416,32.0,40,59,54,360,86,6.6,8,197,91,0.462,10,52,171,0.304,8,   434:00,   33:23,72,8,13,21,8,14,22,-1,-0.08,2017,17.93,16.0,29.0,45.0,520.0,0.0,17.93,SEC,SEC West,4
Missouri,13,7,6,8,916,6528,7.13,60,,502.2,82,962,5383,5.6,47,50,414.1,79,110,133,24,267,79,110,133,24,267,126,3,11,0.273,72,9,17,0.529,80,39,49,851,1.0,14,430,247,14,4012,9.33,16.24,44,308.6,106,263,441,3308,20,7.5,12.58,254.5,95,96,774,59.54,80,11,92,0,8.36,80,11,92,0,8.36,16,53,14,21,13,48,0.906,123,45,18,12,11,41,0.911,36,486,2516,5.18,16,193.5,58,521,2075,3.98,27,159.6,5,13,92,1.0,97,50,48,1,0,20,2,414,31.8,14,63,59,0,0,17,0,488,37.5,9,81,44,359,103,7.9,20,173,78,0.451,101,92,212,0.434,128,   325:17,   25:01,110,5,12,17,11,14,25,-8,-0.62,2017,21.82,80.0,39.0,49.0,851.0,1.0,21.82,SEC,SEC East,4
Nebraska,12,4,8,87,827,4620,5.59,36,,385.0,100,826,5234,6.34,52,58,436.2,95,131,122,26,279,95,131,122,26,279,79,13,27,0.481,62,7,14,0.5,103,31,28,726,1.0,27,459,265,17,3330,7.25,12.57,23,277.5,60,234,363,2657,19,7.32,11.35,221.4,99,75,728,60.67,98,11,111,1,10.09,98,11,111,1,10.09,110,45,12,11,11,34,0.756,102,57,26,15,9,50,0.877,119,368,1290,3.51,13,107.5,114,463,2577,5.57,33,214.8,60,24,173,2.0,115,58,57,0,0,10,1,437,36.4,84,39,37,0,0,12,1,309,25.8,128,32,24,167,44,3.7,89,181,68,0.376,99,62,144,0.431,52,   367:12,   30:36,106,3,9,12,2,17,19,-7,-0.58,2017,23.42,103.0,31.0,28.0,726.0,1.0,23.42,Big Ten,Big Ten West,5
Northwestern,13,10,3,55,998,5304,5.31,47,,408.0,34,926,4644,5.02,31,33,357.2,55,83,149,17,249,55,83,149,17,249,50,22,39,0.564,9,8,22,0.364,19,45,20,814,0.0,64,461,276,12,3040,6.59,11.01,17,233.8,100,283,495,3244,18,6.55,11.46,249.5,49,64,637,49.0,42,19,110,0,5.79,42,19,110,0,5.79,36,59,27,14,11,52,0.881,10,41,11,12,7,30,0.732,52,537,2264,4.22,30,174.2,9,431,1400,3.25,13,107.7,86,31,213,2.38,20,33,31,0,0,10,1,261,20.1,56,49,45,1,0,13,0,380,29.2,22,72,44,366,94,7.2,97,203,72,0.355,44,73,202,0.361,44,   401:43,   30:54,26,8,17,25,6,12,18,7,0.54,2017,18.09,19.0,45.0,20.0,814.0,0.0,18.09,Big Ten,Big Ten West,2
Ohio St.,14,12,2,7,1029,7084,6.88,73,,506.0,9,948,4213,4.44,29,35,300.9,37,77,127,31,235,37,77,127,31,235,8,15,22,0.682,59,13,27,0.481,10,82,12,1428,2.0,36,440,287,10,3679,8.36,12.82,39,262.8,30,246,447,2742,16,6.13,11.15,195.9,113,97,943,67.36,72,7,54,0,7.71,72,7,54,0,7.71,23,68,25,20,16,61,0.897,8,40,11,12,6,29,0.725,17,589,3405,5.78,34,243.2,6,501,1471,2.94,13,105.1,36,22,131,1.57,15,35,33,1,0,7,0,266,19.0,6,75,71,1,0,17,1,576,41.1,8,100,28,479,114,8.1,6,185,86,0.465,17,69,215,0.321,98,   397:40,   28:24,35,11,13,24,9,10,19,5,0.36,2017,17.41,10.0,82.0,12.0,1428.0,2.0,17.41,Big Ten,Big Ten East,1
Ole Miss,12,6,6,18,804,5548,6.9,47,,462.3,115,895,5514,6.16,47,51,459.5,94,133,121,24,278,94,133,121,24,278,105,4,10,0.4,110,12,19,0.632,59,51,25,1038,0.0,11,434,281,13,3941,9.08,14.02,28,328.4,52,199,345,2570,18,7.45,12.91,214.2,104,91,749,62.42,95,11,109,0,9.91,95,11,109,0,9.91,6,43,12,12,17,41,0.953,114,57,24,13,14,51,0.895,103,370,1607,4.34,19,133.9,123,550,2944,5.35,29,245.3,104,32,242,2.67,109,51,47,1,0,20,0,415,34.6,33,48,43,2,0,19,1,394,32.8,56,61,26,300,74,6.2,83,155,59,0.381,89,78,188,0.415,127,   302:35,   25:12,97,5,8,13,5,13,18,-5,-0.42,2017,20.35,59.0,51.0,25.0,1038.0,0.0,20.35,SEC,SEC West,6
Penn St.,13,11,2,19,909,5984,6.58,68,,460.3,17,898,4283,4.77,27,27,329.5,25,87,122,17,226,25,87,122,17,226,46,8,14,0.571,37,11,25,0.44,39,53,33,1034,0.0,23,458,301,10,3772,8.24,12.53,32,290.2,47,262,449,2749,13,6.12,10.49,211.5,8,54,490,37.69,20,17,73,0,4.29,20,17,73,0,4.29,21,59,27,19,7,53,0.898,74,32,11,7,9,27,0.844,59,451,2212,4.9,36,170.2,14,449,1534,3.42,14,118.0,75,29,163,2.23,7,27,20,1,0,10,0,214,16.5,7,72,71,0,0,9,2,534,41.1,25,66,54,393,93,7.2,5,171,82,0.48,35,73,209,0.349,58,   394:31,   30:20,11,15,10,25,3,10,13,12,0.92,2017,19.51,39.0,53.0,33.0,1034.0,0.0,19.51,Big Ten,Big Ten East,3
Purdue,13,7,6,61,938,5240,5.59,39,,403.1,52,926,4881,5.27,31,32,375.5,58,88,138,24,250,58,88,138,24,250,48,13,23,0.565,90,13,23,0.565,104,26,38,609,0.0,46,491,292,11,3270,6.66,11.2,27,251.5,93,248,437,3153,21,7.22,12.71,242.5,57,75,658,50.62,63,13,89,0,6.85,63,13,89,0,6.85,25,47,10,17,15,42,0.894,45,42,7,13,14,34,0.81,82,447,1970,4.41,12,151.5,29,489,1728,3.53,10,132.9,98,33,216,2.54,24,32,28,0,0,15,1,267,20.5,91,40,35,1,0,17,0,328,25.2,53,68,26,307,81,6.2,112,186,62,0.333,41,74,206,0.359,86,   376:09,   28:56,40,11,10,21,6,11,17,4,0.31,2017,23.42,104.0,26.0,38.0,609.0,0.0,23.42,Big Ten,Big Ten West,4
Rutgers,12,4,8,128,711,3152,4.43,26,,262.7,72,836,4783,5.72,40,41,398.6,48,97,130,16,243,48,97,130,16,243,125,4,14,0.286,99,9,15,0.6,18,30,14,541,0.0,124,275,135,11,1387,5.04,10.27,7,115.6,55,206,361,2601,19,7.2,12.63,216.8,53,71,601,50.08,88,26,245,1,9.42,88,26,245,1,9.42,92,30,15,3,6,24,0.8,126,49,19,12,15,46,0.939,86,436,1765,4.05,19,147.1,83,475,2182,4.59,21,181.8,29,18,116,1.5,77,41,40,0,0,18,0,340,28.3,120,28,27,0,0,7,0,216,18.0,120,33,34,157,50,4.2,117,162,52,0.321,65,68,177,0.384,97,   342:05,   28:30,97,3,12,15,9,11,20,-5,-0.42,2017,18.03,18.0,30.0,14.0,541.0,0.0,18.03,Big Ten,Big Ten East,5
South Carolina,13,9,4,108,802,4382,5.46,34,,337.1,44,924,4772,5.16,29,30,367.1,75,102,139,24,265,75,102,139,24,265,96,6,14,0.429,62,9,18,0.5,66,21,44,431,0.0,77,397,245,12,2794,7.04,11.4,18,214.9,69,259,440,2938,14,6.68,11.34,226.0,9,62,494,38.0,38,15,84,0,5.6,38,15,84,0,5.6,57,34,13,6,10,29,0.853,48,48,15,10,14,39,0.813,110,405,1588,3.92,16,122.2,39,484,1834,3.79,15,141.1,75,29,182,2.23,25,30,26,0,0,21,0,269,20.7,99,39,36,0,0,15,0,315,24.2,89,57,20,278,67,5.2,86,171,65,0.38,76,76,191,0.398,90,   373:08,   28:42,13,14,14,28,5,12,17,11,0.85,2017,20.52,66.0,21.0,44.0,431.0,0.0,20.52,SEC,SEC East,2
Tennessee,12,4,8,124,732,3493,4.77,25,,291.1,81,834,4955,5.94,44,45,412.9,72,154,92,16,262,72,154,92,16,262,123,3,10,0.3,19,4,10,0.4,93,17,33,392,0.0,108,319,180,10,2084,6.53,11.58,11,173.7,3,154,279,1940,15,6.95,12.6,161.7,25,67,497,41.42,68,30,220,0,7.33,68,30,220,0,7.33,92,35,12,7,9,28,0.8,118,50,27,8,10,45,0.9,112,413,1409,3.41,14,117.4,125,555,3015,5.43,29,251.3,113,35,242,2.92,83,45,38,1,0,13,0,349,29.1,117,28,28,0,0,14,0,238,19.8,92,49,24,217,61,5.1,119,163,50,0.307,113,75,166,0.452,103,   338:46,   28:13,88,10,5,15,8,10,18,-3,-0.25,2017,23.06,93.0,17.0,33.0,392.0,0.0,23.06,SEC,SEC East,7
Texas A&M,13,7,6,56,955,5289,5.54,48,,406.8,78,943,5310,5.63,47,51,408.5,66,108,127,21,256,66,108,127,21,256,69,7,14,0.5,115,8,12,0.667,90,43,34,963,1.0,47,449,253,12,3266,7.27,12.91,22,251.2,85,247,413,3089,28,7.48,12.51,237.6,35,67,588,45.23,76,18,146,2,8.11,76,18,146,2,8.11,53,56,22,13,13,48,0.857,121,54,17,21,11,49,0.907,77,506,2023,4.0,26,155.6,70,530,2221,4.19,19,170.8,75,29,184,2.23,87,51,48,3,0,13,0,399,30.7,34,53,51,0,0,18,1,425,32.7,34,76,26,367,89,6.8,85,205,78,0.38,31,67,193,0.347,85,   379:26,   29:11,46,12,10,22,7,12,19,3,0.23,2017,22.4,90.0,43.0,34.0,963.0,1.0,22.4,SEC,SEC West,5
Vanderbilt,12,5,7,102,751,4209,5.6,41,,350.8,65,807,4717,5.85,46,48,393.1,58,125,99,26,250,58,125,99,26,250,86,9,20,0.45,72,9,17,0.529,82,16,38,350,0.0,53,403,232,10,2923,7.25,12.6,27,243.6,26,191,328,2335,16,7.12,12.23,194.6,53,69,601,50.08,97,16,161,1,10.06,97,16,161,1,10.06,70,37,11,19,1,31,0.838,98,40,23,5,7,35,0.875,120,348,1286,3.7,14,107.2,100,479,2382,4.97,30,198.5,38,19,120,1.58,89,48,47,0,0,13,1,376,31.3,95,41,40,0,0,3,0,295,24.6,52,58,34,313,75,6.3,47,168,70,0.417,53,62,166,0.373,82,   352:26,   29:22,97,2,7,9,4,10,14,-5,-0.42,2017,21.88,82.0,16.0,38.0,350.0,0.0,21.88,SEC,SEC East,6
Wisconsin,14,13,1,51,954,5810,6.09,53,,415.0,2,831,3669,4.42,18,21,262.1,5,79,97,20,196,5,79,97,20,196,10,4,6,0.667,112,11,17,0.647,38,29,58,565,0.0,92,325,204,15,2689,8.27,13.18,25,192.1,5,192,395,2291,11,5.8,11.93,163.6,55,75,703,50.21,68,18,132,0,7.33,68,18,132,0,7.33,56,62,19,22,12,53,0.855,5,35,6,5,14,25,0.714,23,629,3121,4.96,28,222.9,3,436,1378,3.16,7,98.4,29,21,117,1.5,3,21,21,0,0,16,0,195,13.9,28,60,59,1,0,16,2,473,33.8,50,76,26,442,89,6.4,4,185,90,0.486,5,55,189,0.291,2,   496:49,   35:29,35,9,20,29,9,15,24,5,0.36,2017,19.48,38.0,29.0,58.0,565.0,0.0,19.48,Big Ten,Big Ten West,1
Alabama,15,14,1,6,1009,7830,7.76,85,,522.0,16,981,4793,4.89,33,35,319.5,53,93,131,29,253,53,93,131,29,253,97,7,15,0.467,36,11,24,0.458,53,41,44,825,0.0,6,438,301,8,4854,11.08,16.13,52,323.6,33,244,465,2974,22,6.4,12.19,198.3,64,87,796,53.07,5,9,24,0,2.67,5,9,24,0,2.67,77,79,31,23,11,65,0.823,6,41,9,15,6,30,0.732,42,571,2976,5.21,33,198.4,19,516,1819,3.53,11,121.3,8,15,121,1.0,12,35,34,0,0,9,0,271,18.1,3,92,83,0,0,15,2,684,45.6,26,83,48,395,107,7.1,3,165,86,0.521,24,76,222,0.342,52,   454:55,   30:19,34,7,14,21,7,8,15,6,0.4,2018,20.12,53.0,41.0,44.0,825.0,0.0,20.12,SEC,SEC West,1
Arkansas,12,2,10,117,810,4028,4.97,28,,335.7,79,827,4958,6.0,47,53,413.2,68,116,119,24,259,68,116,119,24,259,120,5,14,0.357,38,7,15,0.467,71,29,17,608,2.0,97,370,202,18,2307,6.24,11.42,17,192.3,87,220,347,2944,22,8.48,13.38,245.3,58,69,622,51.83,116,18,209,1,11.61,116,18,209,1,11.61,68,37,8,8,15,31,0.838,59,57,24,11,12,47,0.825,98,440,1721,3.91,11,143.4,70,480,2014,4.2,25,167.8,97,32,226,2.67,108,53,49,1,0,16,0,417,34.8,113,29,29,0,0,19,0,260,21.7,72,49,40,267,69,5.8,125,168,52,0.31,60,59,154,0.383,67,   358:18,   29:51,119,11,5,16,8,18,26,-10,-0.83,2018,20.97,71.0,29.0,17.0,608.0,2.0,20.97,SEC,SEC West,7
Auburn,13,8,5,78,894,5069,5.67,46,,389.9,38,897,4620,5.15,25,26,355.4,45,95,122,30,247,45,95,122,30,247,74,11,22,0.5,14,8,21,0.381,39,16,56,311,0.0,74,382,233,5,2892,7.57,12.41,21,222.5,58,234,422,2853,16,6.76,12.19,219.5,75,83,737,56.69,9,11,37,0,3.36,9,11,37,0,3.36,89,53,22,10,11,43,0.811,64,35,5,7,17,29,0.829,68,512,2177,4.25,25,167.5,32,475,1767,3.72,9,135.9,39,23,168,1.77,14,26,25,0,0,22,1,249,19.2,47,51,49,0,0,15,1,402,30.9,20,74,44,374,96,7.4,90,179,66,0.369,30,68,196,0.347,99,   368:36,   28:21,16,8,14,22,8,5,13,9,0.69,2018,19.44,39.0,16.0,56.0,311.0,0.0,19.44,SEC,SEC West,5
Florida,13,10,3,42,890,5547,6.23,51,,426.7,28,872,4463,5.12,29,30,343.3,20,105,99,27,231,20,105,99,27,231,55,11,20,0.55,16,9,23,0.391,41,34,47,663,0.0,82,364,217,6,2776,7.63,12.79,28,213.5,13,206,380,2350,16,6.18,11.41,180.8,85,95,789,60.69,68,16,137,0,8.56,68,16,137,0,8.56,67,56,15,18,14,47,0.839,115,32,9,9,11,29,0.906,27,526,2771,5.27,23,213.2,65,492,2113,4.29,13,162.5,21,18,121,1.38,20,30,25,1,0,17,1,260,20.0,22,57,55,0,1,18,1,455,35.0,43,67,38,323,86,6.6,47,173,72,0.416,52,73,195,0.374,65,   389:08,   29:56,7,12,14,26,8,6,14,12,0.92,2018,19.5,41.0,34.0,47.0,663.0,0.0,19.5,SEC,SEC East,2
Georgia,14,11,3,18,923,6508,7.05,64,,464.9,13,890,4400,4.94,31,32,314.3,28,99,121,20,240,28,99,121,20,240,21,8,13,0.615,47,13,27,0.481,128,10,84,313,1.0,72,356,241,6,3165,8.89,13.13,34,226.1,12,258,423,2524,13,5.97,9.78,180.3,45,77,680,48.57,119,5,64,0,12.8,119,5,64,0,12.8,12,60,20,20,14,54,0.9,106,37,18,3,12,33,0.892,16,567,3343,5.9,30,238.8,31,467,1876,4.02,18,134.0,24,20,122,1.43,15,32,28,2,0,15,0,269,19.2,14,68,65,0,0,19,0,530,37.9,114,49,32,252,65,4.6,10,162,77,0.475,23,65,191,0.34,35,   440:52,   31:29,50,9,8,17,8,6,14,3,0.21,2018,31.3,128.0,10.0,84.0,313.0,1.0,31.3,SEC,SEC East,1
Illinois,12,4,8,62,822,4904,5.97,35,,408.7,127,866,6100,7.04,61,64,508.3,116,147,131,23,301,116,147,131,23,301,47,8,14,0.571,95,10,17,0.588,102,21,43,470,1.0,114,329,177,14,1988,6.04,11.23,10,165.7,113,236,372,3157,30,8.49,13.38,263.1,100,77,773,64.42,104,31,331,1,10.68,104,31,331,1,10.68,48,36,15,6,10,31,0.861,90,50,18,17,8,43,0.86,12,493,2916,5.91,25,243.0,121,494,2943,5.96,31,245.3,67,27,200,2.25,123,64,61,1,0,8,1,473,39.4,92,36,36,0,0,20,0,312,26.0,88,52,26,223,65,5.4,111,168,58,0.345,109,70,157,0.446,96,   342:52,   28:34,90,5,15,20,10,14,24,-4,-0.33,2018,22.38,102.0,21.0,43.0,470.0,1.0,22.38,Big Ten,Big Ten West,7
Indiana,12,5,7,51,909,4982,5.48,37,,415.2,83,848,5085,6.0,44,45,423.8,84,115,129,28,272,84,115,129,28,272,86,14,29,0.483,128,14,19,0.737,118,32,23,782,0.0,35,481,316,13,3094,6.43,9.79,20,257.8,81,225,369,2887,27,7.82,12.83,240.6,86,71,729,60.75,13,15,57,0,3.8,13,15,57,0,3.8,83,44,13,12,11,36,0.818,110,49,12,17,15,44,0.898,79,428,1888,4.41,17,157.3,83,479,2198,4.59,17,183.2,67,27,159,2.25,81,45,40,1,1,15,0,359,29.9,87,39,32,3,0,15,0,317,26.4,72,62,14,251,69,5.8,39,184,78,0.424,95,68,162,0.42,93,   345:42,   28:48,33,13,13,26,8,13,21,5,0.42,2018,24.44,118.0,32.0,23.0,782.0,0.0,24.44,Big Ten,Big Ten East,6
Iowa,13,9,4,91,896,4875,5.44,46,,375.0,7,837,3817,4.56,28,28,293.6,12,101,98,15,214,12,101,98,15,214,12,17,25,0.68,28,11,25,0.44,8,25,39,411,0.0,71,408,242,11,2946,7.22,12.17,27,226.6,17,230,402,2393,19,5.95,10.4,184.1,15,61,539,41.46,17,21,94,0,4.48,17,21,94,0,4.48,50,55,18,20,9,47,0.855,34,29,5,13,5,23,0.793,94,488,1929,3.95,19,148.4,12,435,1424,3.27,9,109.5,14,16,100,1.23,11,28,25,1,0,12,0,231,17.8,43,50,48,0,0,17,3,405,31.2,85,63,16,322,71,5.5,30,191,83,0.435,26,62,181,0.343,21,   423:02,   32:32,16,7,20,27,7,11,18,9,0.69,2018,16.44,8.0,25.0,39.0,411.0,0.0,16.44,Big Ten,Big Ten West,4
Kentucky,13,10,3,103,832,4691,5.64,41,,360.8,23,838,4393,5.24,26,27,337.9,17,104,101,21,226,17,104,101,21,226,30,9,15,0.6,11,7,19,0.368,20,23,36,419,0.0,116,296,194,10,2099,7.09,10.82,14,161.5,18,216,376,2422,14,6.44,11.21,186.3,71,79,721,55.46,117,20,236,0,11.8,117,20,236,0,11.8,86,38,17,5,9,31,0.816,11,40,9,10,11,30,0.75,40,536,2592,4.84,27,199.4,51,462,1971,4.27,12,151.6,63,28,175,2.15,6,27,24,0,0,11,0,219,16.8,84,46,43,0,0,9,0,346,26.6,39,75,24,377,87,6.7,62,161,64,0.398,59,71,186,0.382,43,   398:37,   30:39,54,11,9,20,8,10,18,2,0.15,2018,18.22,20.0,23.0,36.0,419.0,0.0,18.22,SEC,SEC East,3
LSU,13,10,3,68,950,5227,5.5,46,,402.1,25,915,4403,4.81,33,35,338.7,54,107,116,31,254,54,107,116,31,254,4,9,12,0.75,70,12,23,0.522,72,6,71,126,0.0,66,387,224,5,2970,7.67,13.26,17,228.5,38,223,449,2601,18,5.79,11.66,200.1,88,83,794,61.08,22,13,64,0,4.92,22,13,64,0,4.92,27,60,25,6,22,53,0.883,83,40,13,10,11,34,0.85,59,563,2257,4.01,29,173.6,34,466,1802,3.87,15,138.6,102,35,190,2.69,26,35,26,4,0,13,0,283,21.8,37,48,42,2,0,29,0,421,32.4,51,67,32,398,83,6.4,57,205,82,0.4,34,70,198,0.354,31,   413:48,   31:49,7,8,17,25,8,5,13,12,0.92,2018,21.0,72.0,6.0,71.0,126.0,0.0,21.0,SEC,SEC West,2
Maryland,12,5,7,94,728,4457,6.12,38,,371.4,63,843,4685,5.56,39,42,390.4,65,123,102,33,258,65,123,102,33,258,5,7,10,0.7,109,13,20,0.65,67,47,9,972,0.0,121,241,125,5,1695,7.03,13.56,12,141.3,42,184,339,2478,19,7.31,13.47,206.5,128,100,956,79.67,77,11,100,0,9.09,77,11,100,0,9.09,4,31,11,8,10,29,0.935,116,43,17,8,14,39,0.907,17,487,2762,5.67,26,230.2,85,504,2207,4.38,20,183.9,87,30,164,2.5,78,42,40,1,0,16,1,344,28.7,68,44,40,1,0,12,0,342,28.5,117,49,10,210,54,4.5,57,160,64,0.4,70,66,169,0.391,88,   348:23,   29:01,15,5,18,23,9,5,14,9,0.75,2018,20.68,67.0,47.0,9.0,972.0,0.0,20.68,Big Ten,Big Ten East,5
Michigan,13,10,3,49,896,5453,6.09,50,,419.5,2,781,3577,4.58,29,32,275.2,6,89,82,35,206,6,89,82,35,206,94,9,19,0.474,72,11,21,0.524,19,28,43,506,1.0,79,347,223,9,2804,8.08,12.57,24,215.7,2,164,331,1921,14,5.8,11.71,147.8,96,88,826,63.54,87,19,186,1,9.79,87,19,186,1,9.79,35,57,21,13,16,50,0.877,128,30,12,8,8,28,0.933,30,549,2649,4.83,26,203.8,23,450,1656,3.68,15,127.4,39,23,156,1.77,16,32,30,0,0,10,0,252,19.4,21,56,50,2,0,21,2,457,35.2,33,71,34,376,88,6.8,9,185,90,0.486,21,59,175,0.337,5,   445:56,   34:18,35,6,11,17,3,9,12,5,0.38,2018,18.07,19.0,28.0,43.0,506.0,1.0,18.07,Big Ten,Big Ten East,2
Michigan St.,13,7,6,116,962,4447,4.62,26,,342.1,10,869,3941,4.54,22,24,303.2,10,55,139,19,213,10,55,139,19,213,123,7,21,0.333,8,6,17,0.353,17,29,24,520,0.0,77,497,255,14,2824,5.68,11.07,12,217.2,62,280,477,2928,14,6.14,10.46,225.2,68,78,711,54.69,26,28,151,0,5.39,26,28,151,0,5.39,73,41,10,10,14,34,0.829,36,30,7,5,12,24,0.8,114,465,1623,3.49,14,124.8,1,392,1013,2.58,8,77.9,53,26,192,2.0,8,24,22,2,0,17,1,223,17.2,125,27,25,1,0,18,0,243,18.7,46,52,66,318,85,6.5,115,206,69,0.335,8,58,192,0.302,14,   426:31,   32:48,63,9,14,23,8,14,22,1,0.08,2018,17.93,17.0,29.0,24.0,520.0,0.0,17.93,Big Ten,Big Ten East,4
Minnesota,13,7,6,86,870,4935,5.67,43,,379.6,54,845,5015,5.93,41,42,385.8,24,101,120,16,237,24,101,120,16,237,74,10,20,0.5,103,15,24,0.625,75,32,32,673,0.0,89,346,190,14,2714,7.84,14.28,20,208.8,51,265,409,2761,21,6.75,10.42,212.4,5,51,508,39.08,2,9,10,0,1.11,2,9,10,0,1.11,88,59,22,15,11,48,0.814,97,32,11,8,9,28,0.875,64,524,2221,4.24,23,170.8,78,436,2254,5.17,20,173.4,56,27,162,2.08,59,42,35,5,0,16,0,345,26.5,64,46,43,2,0,17,1,376,28.9,85,58,26,245,71,5.5,61,166,66,0.398,43,65,176,0.369,26,   418:00,   32:09,88,10,11,21,11,14,25,-4,-0.31,2018,21.03,75.0,32.0,32.0,673.0,0.0,21.03,Big Ten,Big Ten West,5
Mississippi St.,13,8,5,70,837,5166,6.17,48,,397.4,1,829,3420,4.13,15,15,263.1,9,90,98,24,212,9,90,98,24,212,122,6,17,0.353,6,8,23,0.348,103,36,29,806,0.0,111,323,165,10,2259,6.99,13.69,22,173.8,7,220,398,2184,8,5.49,9.93,168.0,79,83,748,57.54,53,7,52,0,7.43,53,7,52,0,7.43,29,42,19,10,8,37,0.881,8,34,5,5,15,25,0.735,20,514,2907,5.66,26,223.6,2,431,1236,2.87,7,95.1,49,25,178,1.92,2,15,15,0,0,22,0,171,13.2,67,48,47,0,0,12,0,371,28.5,8,63,80,461,103,7.9,48,171,71,0.415,3,47,177,0.266,38,   403:13,   31:01,26,7,13,20,3,10,13,7,0.54,2018,22.39,103.0,36.0,29.0,806.0,0.0,22.39,SEC,SEC West,4
Missouri,13,8,5,13,1004,6263,6.24,55,,481.8,62,889,5050,5.68,35,39,388.5,38,84,137,23,244,38,84,137,23,244,64,8,15,0.533,2,7,25,0.28,81,29,57,612,0.0,22,451,281,8,3632,8.05,12.93,28,279.4,112,248,445,3406,24,7.65,13.73,262.0,91,90,800,61.54,94,13,131,2,10.08,94,13,131,2,10.08,39,62,24,14,16,54,0.871,104,45,10,15,15,40,0.889,33,553,2631,4.76,27,202.4,22,444,1644,3.7,11,126.5,8,13,98,1.0,50,39,35,0,0,20,1,331,25.5,18,58,51,1,0,25,0,476,36.6,80,60,26,274,73,5.6,18,207,96,0.464,25,63,184,0.342,40,   401:33,   30:53,63,6,10,16,7,8,15,1,0.08,2018,21.1,81.0,29.0,57.0,612.0,0.0,21.1,SEC,SEC East,4
Nebraska,12,4,8,25,868,5474,6.31,44,,456.2,94,895,5202,5.81,44,47,433.5,84,114,129,29,272,84,114,129,29,272,101,9,20,0.45,92,11,19,0.579,59,34,34,695,0.0,51,404,257,11,2966,7.34,11.54,19,247.2,78,238,425,2853,15,6.71,11.99,237.8,116,92,850,70.83,110,18,203,2,11.28,110,18,203,2,11.28,26,44,19,8,12,39,0.886,53,55,23,10,12,45,0.818,28,464,2508,5.41,25,209.0,96,470,2349,5.0,29,195.8,77,28,196,2.33,88,47,40,2,0,15,2,375,31.3,57,45,40,3,0,14,1,360,30.0,96,53,18,274,62,5.2,85,156,58,0.372,103,76,176,0.432,111,   332:45,   27:43,83,9,11,20,11,11,22,-2,-0.17,2018,20.44,59.0,34.0,34.0,695.0,0.0,20.44,Big Ten,Big Ten West,6
Northwestern,14,9,5,107,1046,4961,4.74,42,,354.4,64,983,5472,5.57,35,38,390.9,90,104,160,13,277,90,104,160,13,277,115,12,32,0.375,6,8,23,0.348,36,44,8,852,0.0,58,528,319,16,3352,6.35,10.51,17,239.4,109,323,505,3657,21,7.24,11.32,261.2,1,40,363,25.93,33,21,125,0,5.95,33,21,125,0,5.95,56,47,23,7,10,40,0.851,36,45,10,11,15,36,0.8,119,518,1609,3.11,25,114.9,26,478,1815,3.8,14,129.6,91,36,251,2.57,41,38,33,1,0,20,1,325,23.2,99,44,39,3,0,10,0,339,24.2,76,63,34,281,80,5.7,70,222,86,0.387,41,75,205,0.366,63,   419:51,   29:59,27,14,12,26,3,16,19,7,0.5,2018,19.36,36.0,44.0,8.0,852.0,0.0,19.36,Big Ten,Big Ten West,1
Ohio St.,14,13,1,2,1131,7498,6.63,74,,535.6,72,979,5648,5.77,44,46,403.4,100,102,145,36,283,100,102,145,36,283,13,14,21,0.667,43,9,19,0.474,2,33,33,492,0.0,2,561,396,8,5100,9.09,12.88,51,364.3,86,272,489,3433,18,7.02,12.62,245.2,126,116,1055,75.36,8,13,43,0,3.31,8,13,43,0,3.31,115,70,20,24,11,54,0.771,113,42,18,11,9,38,0.905,63,570,2398,4.21,23,171.3,56,490,2215,4.52,26,158.2,31,23,116,1.64,51,46,39,0,0,14,0,357,25.5,8,79,76,0,0,13,2,593,42.4,28,88,22,421,99,7.1,17,204,95,0.466,15,67,205,0.327,29,   447:13,   31:56,32,12,11,23,9,8,17,6,0.43,2018,14.91,2.0,33.0,33.0,492.0,0.0,14.91,Big Ten,Big Ten East,1
Ole Miss,12,5,7,9,860,6126,7.12,45,,510.5,121,918,5801,6.32,51,54,483.4,119,144,130,30,304,119,144,130,30,304,74,8,16,0.5,70,12,23,0.522,119,41,32,1012,1.0,5,441,282,9,4157,9.43,14.74,21,346.4,111,250,395,3140,26,7.95,12.56,261.7,108,88,802,66.83,124,10,150,1,15.0,124,10,150,1,15.0,23,54,20,7,21,48,0.889,61,63,20,16,16,52,0.825,72,419,1969,4.7,24,164.1,116,523,2661,5.09,25,221.8,97,32,196,2.67,113,54,54,0,0,18,1,434,36.2,30,49,47,0,0,22,0,407,33.9,25,54,64,317,86,7.2,108,156,55,0.353,84,68,168,0.405,122,   323:36,   26:58,57,8,7,15,5,9,14,1,0.08,2018,24.68,119.0,41.0,32.0,1012.0,1.0,24.68,SEC,SEC West,6
Penn St.,13,9,4,45,900,5499,6.11,55,,423.0,34,965,4556,4.72,30,34,350.5,71,122,114,24,260,71,122,114,24,260,68,9,17,0.529,22,11,26,0.423,84,30,37,640,1.0,76,379,205,8,2835,7.48,13.83,21,218.1,15,223,416,2359,14,5.67,10.58,181.5,19,61,551,42.38,69,23,197,1,8.57,69,23,197,1,8.57,16,58,28,14,10,52,0.897,11,36,14,7,6,27,0.75,29,521,2664,5.11,34,204.9,72,549,2197,4.0,16,169.0,80,31,195,2.38,23,34,32,0,0,9,2,267,20.5,32,56,53,0,0,16,1,439,33.8,4,91,32,443,107,8.2,86,175,65,0.371,19,71,211,0.336,112,   359:53,   27:41,73,7,13,20,13,8,21,-1,-0.08,2018,21.33,84.0,30.0,37.0,640.0,1.0,21.33,Big Ten,Big Ten East,3
Purdue,13,6,7,29,909,5771,6.35,48,,443.9,113,982,5884,5.99,47,49,452.6,122,118,163,26,307,122,118,163,26,307,72,10,19,0.526,86,14,25,0.56,86,32,40,686,0.0,11,509,333,13,3998,7.85,12.01,28,307.5,127,301,483,3701,22,7.66,12.3,284.7,99,81,837,64.38,29,15,82,0,5.47,29,15,82,0,5.47,6,49,13,16,16,45,0.918,40,56,22,9,14,45,0.804,104,400,1773,4.43,20,136.4,71,499,2183,4.37,25,167.9,73,30,184,2.31,82,49,45,0,0,17,0,390,30.0,51,49,44,1,0,19,0,397,30.5,113,55,12,250,61,4.7,71,181,70,0.387,38,67,184,0.364,72,   385:25,   29:38,100,3,11,14,6,13,19,-5,-0.38,2018,21.44,86.0,32.0,40.0,686.0,0.0,21.44,Big Ten,Big Ten West,3
Rutgers,12,1,11,127,772,3195,4.14,17,,266.3,69,845,4818,5.7,46,49,401.5,54,115,112,27,254,54,115,112,27,254,94,9,19,0.474,51,7,14,0.5,7,20,14,328,0.0,123,351,171,22,1586,4.52,9.27,5,132.2,19,197,354,2240,21,6.33,11.37,186.7,95,75,748,62.33,38,24,146,0,6.08,38,24,146,0,6.08,126,27,9,4,7,20,0.741,46,43,13,15,7,35,0.814,105,421,1609,3.82,12,134.1,108,491,2578,5.25,25,214.8,19,16,123,1.33,89,49,48,1,0,11,0,377,31.4,129,19,19,0,0,9,1,162,13.5,102,48,24,235,60,5.0,123,173,56,0.324,124,90,185,0.486,90,   346:56,   28:54,126,6,9,15,7,22,29,-14,-1.17,2018,16.4,7.0,20.0,14.0,328.0,0.0,16.4,Big Ten,Big Ten East,7
South Carolina,13,7,6,43,887,5533,6.24,47,,425.6,84,991,5516,5.57,41,42,424.3,127,152,151,27,330,127,152,151,27,330,111,10,25,0.4,83,11,20,0.55,94,17,48,374,0.0,26,443,272,14,3547,8.01,13.04,32,272.8,65,262,422,2977,12,7.05,11.36,229.0,60,82,682,52.46,56,15,115,0,7.67,56,15,115,0,7.67,117,56,15,17,11,43,0.768,58,62,27,10,14,51,0.823,91,444,1986,4.47,15,152.8,95,569,2539,4.46,29,195.3,39,23,162,1.77,69,42,39,0,0,21,0,354,27.2,56,50,46,3,0,13,0,391,30.1,60,65,30,270,80,6.2,41,168,71,0.423,69,71,182,0.39,129,   324:20,   24:56,100,10,6,16,7,14,21,-5,-0.38,2018,22.0,94.0,17.0,48.0,374.0,0.0,22.0,SEC,SEC East,5
Tennessee,12,5,7,121,716,3906,5.46,30,,325.5,49,799,4529,5.67,41,42,377.4,35,103,124,16,243,35,103,124,16,243,100,5,11,0.455,76,7,13,0.538,90,22,23,476,0.0,96,297,176,5,2357,7.94,13.39,15,196.4,60,221,351,2675,21,7.62,12.1,222.9,36,68,558,46.5,4,9,18,0,2.0,4,9,18,0,2.0,28,34,13,9,8,30,0.882,119,45,18,12,11,41,0.911,113,419,1549,3.7,15,129.1,52,448,1854,4.14,20,154.5,47,23,155,1.92,77,42,38,1,0,13,2,335,27.9,108,35,31,1,0,10,0,273,22.8,77,59,18,269,68,5.7,73,157,60,0.382,67,60,154,0.39,85,   350:02,   29:10,77,6,9,15,11,5,16,-1,-0.08,2018,21.64,90.0,22.0,23.0,476.0,0.0,21.64,SEC,SEC East,7
Texas A&M,13,9,4,15,980,6131,6.26,53,,471.6,32,785,4529,5.77,40,43,348.4,14,76,124,21,221,14,76,124,21,221,74,5,10,0.5,51,5,10,0.5,9,17,57,281,0.0,43,442,254,9,3284,7.43,12.93,25,252.6,98,244,402,3291,26,8.19,13.49,253.2,57,80,662,50.92,41,21,132,0,6.29,41,21,132,0,6.29,59,67,22,18,17,57,0.851,15,37,12,13,3,28,0.757,21,538,2847,5.29,28,219.0,3,383,1238,3.23,14,95.2,102,35,223,2.69,47,43,36,4,0,9,0,329,25.3,19,57,51,3,0,23,0,468,36.0,13,77,46,398,100,7.7,51,170,70,0.412,9,49,162,0.302,3,   449:28,   34:34,109,4,7,11,9,9,18,-7,-0.54,2018,16.53,9.0,17.0,57.0,281.0,0.0,16.53,SEC,SEC West,3
Vanderbilt,13,6,7,58,850,5346,6.29,46,,411.2,99,929,5706,6.14,41,41,438.9,119,150,137,17,304,119,150,137,17,304,74,11,22,0.5,104,12,19,0.632,114,16,51,381,0.0,54,416,258,6,3168,7.62,12.28,24,243.7,85,257,419,3175,22,7.58,12.35,244.2,23,72,568,43.69,60,16,130,0,8.13,60,16,130,0,8.13,120,50,15,14,9,38,0.76,48,54,14,14,16,44,0.815,66,434,2178,5.02,22,167.5,94,510,2531,4.96,19,194.7,35,22,168,1.69,61,41,37,0,0,21,0,346,26.6,69,47,47,0,0,13,1,370,28.5,111,49,26,227,62,4.8,91,163,60,0.368,116,83,182,0.456,37,   403:54,   31:04,20,9,13,22,8,6,14,8,0.62,2018,23.81,114.0,16.0,51.0,381.0,0.0,23.81,SEC,SEC East,6
Wisconsin,13,8,5,36,875,5604,6.4,51,,431.1,29,814,4474,5.5,31,33,344.2,19,98,108,24,230,19,98,108,24,230,109,5,12,0.417,76,7,13,0.538,55,13,54,263,0.0,118,304,179,14,2050,6.74,11.45,19,157.7,22,209,360,2458,14,6.83,11.76,189.1,56,74,657,50.54,109,17,191,1,11.24,109,17,191,1,11.24,41,53,21,16,9,46,0.868,77,44,14,9,14,37,0.841,6,571,3554,6.22,32,273.4,54,454,2016,4.44,17,155.1,43,24,151,1.85,34,33,31,1,0,21,0,294,22.6,61,51,48,1,0,10,0,386,29.7,107,52,22,233,63,4.8,50,155,64,0.413,55,67,178,0.376,28,   416:57,   32:04,63,11,14,25,10,14,24,1,0.08,2018,20.23,55.0,13.0,54.0,263.0,0.0,20.23,Big Ten,Big Ten West,2
Alabama,13,11,2,6,842,6640,7.89,76,,510.8,20,877,4217,4.81,24,26,324.4,40,95,121,31,247,40,95,121,31,247,12,13,19,0.684,11,7,19,0.368,11,27,35,469,0.0,3,406,287,6,4449,10.96,15.5,49,342.2,11,230,410,2434,15,5.94,10.58,187.2,114,95,855,65.77,89,11,101,0,9.18,89,11,101,0,9.18,64,62,22,21,9,52,0.839,74,32,9,9,9,27,0.844,56,436,2191,5.03,27,168.5,37,467,1783,3.82,9,137.2,3,12,81,0.92,13,26,22,2,0,20,0,242,18.6,2,83,80,0,0,12,0,614,47.2,61,61,34,317,78,6.0,3,153,80,0.523,35,66,185,0.357,70,   389:58,   29:59,3,11,17,28,4,6,10,18,1.38,2019,17.37,11.0,27.0,35.0,469.0,0.0,17.37,SEC,SEC West,2
Arkansas,12,2,10,111,783,4081,5.21,28,,340.1,110,827,5408,6.54,54,57,450.7,80,121,130,20,271,80,121,130,20,271,106,8,20,0.4,88,9,16,0.563,10,14,28,242,0.0,103,407,202,15,2315,5.69,11.46,14,192.9,69,227,341,2750,25,8.06,12.11,229.2,14,61,492,41.0,20,6,27,0,4.5,20,6,27,0,4.5,114,32,9,8,7,24,0.75,100,47,20,13,8,41,0.872,85,376,1766,4.7,14,147.2,122,486,2658,5.47,29,221.5,31,19,128,1.58,124,57,55,0,0,15,0,442,36.8,110,31,29,0,0,14,0,257,21.4,103,45,32,203,61,5.1,113,165,55,0.333,116,71,156,0.455,111,   333:26,   27:47,97,10,6,16,6,15,21,-5,-0.42,2019,17.29,10.0,14.0,28.0,242.0,0.0,17.29,SEC,SEC West,7
Auburn,13,9,4,64,947,5285,5.58,51,,406.5,28,905,4381,4.84,31,32,337.0,42,96,120,33,249,42,96,120,33,249,88,7,15,0.467,18,10,25,0.4,96,20,48,446,1.0,87,397,229,6,2697,6.79,11.78,20,207.5,47,264,453,2780,21,6.14,10.53,213.8,74,92,718,55.23,130,14,242,0,17.29,130,14,242,0,17.29,21,52,27,10,10,47,0.904,8,39,9,12,7,28,0.718,33,550,2588,4.71,31,199.1,25,452,1601,3.54,10,123.2,18,18,136,1.38,17,32,29,0,0,11,0,254,19.5,28,54,52,1,0,18,0,432,33.2,19,73,42,318,94,7.2,60,190,77,0.405,8,58,194,0.299,73,   385:10,   29:37,27,13,10,23,11,6,17,6,0.46,2019,22.3,96.0,20.0,48.0,446.0,1.0,22.3,SEC,SEC West,3
Florida,13,11,2,45,865,5597,6.47,54,,430.5,9,809,3963,4.9,23,23,304.8,8,76,121,16,213,8,76,121,16,213,25,16,26,0.615,3,3,10,0.3,53,25,53,502,0.0,16,467,317,10,3910,8.37,12.33,33,300.8,32,235,390,2627,14,6.74,11.18,202.1,36,67,618,47.54,3,7,9,0,1.29,3,7,9,0,1.29,59,54,15,22,9,46,0.852,3,35,5,9,9,23,0.657,107,398,1687,4.24,21,129.8,8,419,1336,3.19,9,102.8,58,25,178,1.92,7,23,22,1,0,13,0,201,15.5,28,55,51,0,0,17,0,432,33.2,10,69,66,447,102,7.8,53,158,65,0.411,40,67,184,0.364,60,   393:22,   30:15,33,7,16,23,8,10,18,5,0.38,2019,20.08,53.0,25.0,53.0,502.0,0.0,20.08,SEC,SEC East,2
Georgia,14,12,2,61,940,5713,6.08,47,,408.1,3,900,3860,4.29,18,20,275.7,14,69,127,26,222,14,69,127,26,222,33,6,10,0.6,1,6,23,0.261,20,14,68,252,0.0,72,415,255,6,3122,7.52,12.24,26,223.0,31,285,501,2815,16,5.62,9.88,201.1,47,76,685,48.93,82,12,106,0,8.83,82,12,106,0,8.83,6,56,18,18,17,53,0.946,13,26,2,11,6,19,0.731,41,525,2591,4.94,21,185.1,1,399,1045,2.62,2,74.6,5,15,96,1.07,1,20,20,0,0,12,0,176,12.6,50,50,46,2,0,27,0,431,30.8,89,59,34,349,76,5.4,51,187,77,0.412,14,66,209,0.316,18,   451:49,   32:16,49,8,8,16,7,6,13,3,0.21,2019,18.0,20.0,14.0,68.0,252.0,0.0,18.0,SEC,SEC East,1
Illinois,13,6,7,115,857,4283,5.0,38,,329.5,77,949,5310,5.6,40,41,408.5,95,131,124,22,277,95,131,124,22,277,122,5,15,0.333,113,14,22,0.636,4,18,43,294,0.0,105,366,198,9,2409,6.58,12.17,19,185.3,45,207,355,2768,21,7.8,13.37,212.9,100,87,797,61.31,75,27,231,0,8.56,75,27,231,0,8.56,58,34,15,9,5,29,0.853,62,53,15,14,15,44,0.83,87,491,1874,3.82,19,144.2,103,594,2542,4.28,19,195.5,117,39,288,3.0,54,41,33,2,0,19,0,340,26.2,79,44,42,1,0,13,0,347,26.7,15,74,48,311,98,7.5,105,181,64,0.354,44,71,191,0.372,128,   338:27,   26:02,12,16,12,28,9,9,18,10,0.77,2019,16.33,4.0,18.0,43.0,294.0,0.0,16.33,Big Ten,Big Ten West,4
Indiana,13,8,5,41,940,5626,5.99,48,,432.8,36,853,4579,5.37,37,39,352.2,41,95,117,36,248,41,95,117,36,248,92,8,18,0.444,64,12,23,0.522,50,27,43,540,0.0,15,473,321,9,3931,8.31,12.25,24,302.4,46,219,394,2778,20,7.05,12.68,213.7,111,88,830,63.85,87,7,64,0,9.14,87,7,64,0,9.14,56,62,24,15,14,53,0.855,115,38,12,12,10,34,0.895,106,467,1695,3.63,24,130.4,43,459,1801,3.92,17,138.5,67,27,148,2.08,45,39,35,2,0,14,1,317,24.4,43,51,46,2,0,19,0,413,31.8,53,66,28,299,80,6.2,15,177,83,0.469,34,62,176,0.352,7,   438:31,   33:43,50,10,7,17,6,9,15,2,0.15,2019,20.0,50.0,27.0,43.0,540.0,0.0,20.0,Big Ten,Big Ten East,4
Iowa,13,10,3,99,864,4765,5.52,33,,366.5,12,835,4007,4.8,20,21,308.2,9,83,121,12,216,9,83,121,12,216,9,15,21,0.714,4,4,13,0.308,8,28,31,482,0.0,68,411,243,7,2976,7.24,12.25,16,228.9,19,248,417,2544,14,6.1,10.26,195.7,3,56,421,32.38,49,11,73,0,6.64,49,11,73,0,6.64,4,42,14,10,16,40,0.952,34,29,6,7,10,23,0.793,97,453,1789,3.95,17,137.6,14,418,1463,3.5,6,112.5,44,23,219,1.77,5,21,20,0,0,12,0,182,14.0,88,36,32,0,0,29,0,335,25.8,101,51,32,282,67,5.2,57,189,77,0.407,50,72,190,0.379,22,   416:22,   32:01,14,9,12,21,5,7,12,9,0.69,2019,17.21,8.0,28.0,31.0,482.0,0.0,17.21,Big Ten,Big Ten West,3
Kentucky,13,8,5,76,830,5102,6.15,45,,392.5,21,796,4220,5.3,30,32,324.6,19,99,104,22,225,19,99,104,22,225,75,14,27,0.519,8,6,17,0.353,3,15,48,244,0.0,127,257,128,8,1478,5.75,11.55,9,113.7,2,202,353,2182,9,6.18,10.8,167.8,56,75,661,50.85,79,11,95,0,8.64,79,11,95,0,8.64,85,40,21,6,5,32,0.8,29,33,14,6,6,26,0.788,4,573,3624,6.32,36,278.8,64,443,2038,4.6,21,156.8,14,17,93,1.31,14,32,29,0,0,10,0,251,19.3,76,47,42,0,0,9,1,353,27.2,79,69,10,321,74,5.7,78,162,63,0.389,65,65,166,0.392,20,   418:00,   32:09,70,11,8,19,12,8,20,-1,-0.08,2019,16.27,3.0,15.0,48.0,244.0,0.0,16.27,SEC,SEC East,5
LSU,15,15,0,1,1080,8526,7.89,93,,568.4,31,1008,5153,5.11,39,42,343.5,105,87,158,38,283,105,87,158,38,283,14,6,9,0.667,53,15,31,0.484,97,15,110,337,0.0,2,567,426,7,6024,10.62,14.14,61,401.6,59,264,521,3341,20,6.41,12.66,222.7,107,93,936,62.4,120,9,117,1,13.0,120,9,117,1,13.0,2,75,25,34,13,72,0.96,26,40,14,12,5,31,0.775,60,513,2502,4.88,32,166.8,21,487,1812,3.72,19,120.8,86,35,221,2.33,32,42,37,3,0,11,0,328,21.9,1,95,89,1,0,21,1,726,48.4,40,76,40,419,96,6.4,4,183,91,0.497,6,63,213,0.296,53,   455:44,   30:22,15,5,17,22,5,7,12,10,0.67,2019,22.47,97.0,15.0,110.0,337.0,0.0,22.47,SEC,SEC West,1
Maryland,12,3,9,109,767,4121,5.37,39,,343.4,109,906,5390,5.95,50,53,449.2,94,122,137,17,276,94,122,137,17,276,126,8,26,0.308,37,8,18,0.444,76,42,8,885,1.0,114,342,172,12,2088,6.11,12.14,16,174.0,116,264,405,3255,23,8.04,12.33,271.3,40,70,585,48.75,16,17,68,0,4.0,16,17,68,0,4.0,129,35,13,8,2,23,0.657,82,66,27,14,15,56,0.848,55,425,2033,4.78,23,169.4,83,501,2135,4.26,27,177.9,122,38,262,3.17,115,53,50,0,0,16,0,416,34.7,94,42,39,0,0,2,3,303,25.3,48,65,20,246,75,6.3,119,168,54,0.321,102,78,180,0.433,129,   309:04,   25:45,97,6,10,16,9,12,21,-5,-0.42,2019,21.07,76.0,42.0,8.0,885.0,1.0,21.07,Big Ten,Big Ten East,6
Michigan,13,9,4,68,905,5220,5.77,51,,401.5,11,846,3994,4.72,36,37,307.2,22,95,103,28,226,22,95,103,28,226,60,12,22,0.545,100,13,22,0.591,105,19,34,440,1.0,50,410,228,9,3261,7.95,14.3,25,250.8,10,198,345,2412,16,6.99,12.18,185.5,51,80,649,49.92,60,19,134,0,7.05,60,19,134,0,7.05,81,59,23,13,12,48,0.814,35,34,17,8,2,27,0.794,77,495,1959,3.96,26,150.7,22,501,1582,3.16,20,121.7,58,25,207,1.92,25,37,36,1,0,3,0,269,20.7,44,52,46,3,0,16,0,412,31.7,59,60,38,387,79,6.1,74,174,68,0.391,19,59,182,0.324,76,   383:52,   29:31,61,11,9,20,11,9,20,0,0.0,2019,23.16,105.0,19.0,34.0,440.0,1.0,23.16,Big Ten,Big Ten East,3
Michigan St.,13,7,6,95,932,4835,5.19,29,,371.9,18,843,4181,4.96,35,37,321.6,19,85,115,25,225,19,85,115,25,225,24,13,21,0.619,49,10,21,0.476,87,40,15,867,0.0,55,464,270,15,3182,6.86,11.79,17,244.8,37,241,403,2702,24,6.7,11.21,207.8,69,75,700,53.85,91,25,231,0,9.24,91,25,231,0,9.24,112,54,11,15,15,41,0.759,21,38,8,12,9,29,0.763,113,468,1653,3.53,12,127.2,16,440,1479,3.36,11,113.8,18,18,113,1.38,37,37,33,1,0,12,0,293,22.5,105,32,31,0,0,22,1,291,22.4,21,69,46,405,92,7.1,99,192,70,0.365,30,64,184,0.348,34,   408:08,   31:23,78,10,12,22,9,15,24,-2,-0.15,2019,21.68,87.0,40.0,15.0,867.0,0.0,21.68,Big Ten,Big Ten East,5
Minnesota,13,11,2,42,883,5616,6.36,56,,432.0,10,787,3986,5.06,32,37,306.6,24,92,119,18,229,24,92,119,18,229,19,13,20,0.65,83,10,18,0.556,85,44,31,947,1.0,47,323,212,8,3293,10.2,15.53,31,253.3,9,200,357,2395,14,6.71,11.98,184.2,10,56,502,38.62,2,6,1,0,0.17,2,6,1,0,0.17,24,59,24,19,10,53,0.898,123,35,15,8,9,32,0.914,46,560,2323,4.15,25,178.7,23,430,1591,3.7,18,122.4,85,30,185,2.31,37,37,31,1,0,12,1,293,22.5,21,59,54,1,0,11,0,443,34.1,115,45,34,282,62,4.8,8,161,78,0.484,48,62,165,0.376,4,   444:42,   34:12,40,5,14,19,7,8,15,4,0.31,2019,21.52,85.0,44.0,31.0,947.0,1.0,21.52,Big Ten,Big Ten West,2
Mississippi St.,13,6,7,70,844,5201,6.16,46,,400.1,73,824,5189,6.3,47,49,399.2,66,108,136,20,264,66,108,136,20,264,112,7,18,0.389,71,9,17,0.529,45,41,19,807,1.0,109,315,186,10,2333,7.41,12.54,19,179.5,97,224,368,3208,22,8.72,14.32,246.8,21,72,578,44.46,83,19,169,0,8.89,83,19,169,0,8.89,51,44,23,10,5,38,0.864,33,53,23,11,8,42,0.792,21,529,2868,5.42,27,220.6,59,456,1981,4.34,25,152.4,93,31,193,2.38,74,49,46,1,0,11,0,375,28.8,74,48,44,0,0,9,0,359,27.6,79,50,48,281,74,5.7,76,149,58,0.389,57,58,150,0.387,29,   411:31,   31:39,57,14,10,24,13,10,23,1,0.08,2019,19.68,45.0,41.0,19.0,807.0,1.0,19.68,SEC,SEC West,5
Missouri,12,6,6,93,852,4491,5.27,31,,374.3,14,771,3744,4.86,27,28,312.0,1,76,91,28,195,1,76,91,28,195,64,7,13,0.538,9,5,14,0.357,92,6,59,132,0.0,73,376,226,8,2671,7.1,11.82,17,222.6,6,175,348,2151,15,6.18,12.29,179.3,116,83,808,67.33,97,23,226,0,9.83,97,23,226,0,9.83,117,46,12,12,10,34,0.739,42,31,8,8,9,25,0.806,74,476,1820,3.82,14,151.7,31,423,1593,3.77,12,132.8,81,27,170,2.25,16,28,24,1,0,13,0,233,19.4,93,37,34,0,0,16,0,304,25.3,98,55,14,226,62,5.2,98,181,66,0.365,21,60,181,0.331,72,   358:49,   29:54,53,7,8,15,6,8,14,1,0.08,2019,22.0,92.0,6.0,59.0,132.0,0.0,22.0,SEC,SEC East,4
Nebraska,12,5,7,55,867,4990,5.76,39,,415.8,64,832,4666,5.61,39,41,388.8,32,116,109,14,239,32,116,109,14,239,97,10,23,0.435,36,7,16,0.438,65,45,14,932,2.0,82,323,194,9,2551,7.9,13.15,12,212.6,30,215,364,2409,14,6.62,11.2,200.8,18,61,518,43.17,7,11,25,0,2.27,7,11,25,0,2.27,115,51,24,3,11,38,0.745,122,44,20,10,10,40,0.909,30,544,2439,4.48,27,203.3,94,468,2257,4.82,25,188.1,86,28,168,2.33,66,41,38,1,0,15,1,333,27.8,72,43,40,1,0,12,0,336,28.0,57,57,32,307,73,6.1,51,187,77,0.412,75,69,172,0.401,92,   346:53,   28:54,61,10,11,21,12,9,21,0,0.0,2019,20.71,65.0,45.0,14.0,932.0,2.0,20.71,Big Ten,Big Ten West,6
Northwestern,12,3,9,124,842,3565,4.23,23,,297.1,25,796,4028,5.06,31,34,335.7,7,81,108,22,211,7,81,108,22,211,110,11,28,0.393,17,5,13,0.385,55,29,9,588,0.0,126,312,156,15,1404,4.5,9.0,6,117.0,23,220,360,2385,17,6.63,10.84,198.8,39,65,582,48.5,9,17,48,0,2.82,9,17,48,0,2.82,101,31,12,4,8,24,0.774,63,42,10,15,10,35,0.833,44,530,2161,4.08,17,180.1,36,436,1643,3.77,14,136.9,55,23,166,1.92,43,34,34,0,0,15,0,283,23.6,126,24,18,0,0,10,2,196,16.3,74,55,28,236,69,5.8,101,193,69,0.358,81,73,180,0.406,66,   360:36,   30:03,121,7,7,14,9,15,24,-10,-0.83,2019,20.28,55.0,29.0,9.0,588.0,0.0,20.28,Big Ten,Big Ten West,7
Ohio St.,14,13,1,4,1069,7419,6.94,87,,529.9,1,881,3636,4.13,23,23,259.7,11,99,89,29,217,11,99,89,29,217,25,8,13,0.615,7,7,20,0.35,19,43,33,770,0.0,36,406,271,3,3684,9.07,13.59,48,263.1,1,200,393,2184,9,5.56,10.92,156.0,73,81,770,55.0,10,12,36,0,3.0,10,12,36,0,3.0,30,75,30,29,8,67,0.893,2,29,10,2,7,19,0.655,5,663,3735,5.63,39,266.8,9,488,1452,2.98,14,103.7,99,35,224,2.5,4,23,19,3,0,9,1,192,13.7,3,88,87,0,0,13,1,656,46.9,2,105,38,494,124,8.9,1,183,101,0.552,4,60,206,0.291,25,   447:31,   31:57,17,10,15,25,13,3,16,9,0.64,2019,17.91,19.0,43.0,33.0,770.0,0.0,17.91,Big Ten,Big Ten East,1
Ole Miss,12,4,8,26,891,5343,6.0,40,,445.3,85,859,5001,5.82,36,39,416.8,73,104,146,17,267,73,104,146,17,267,65,17,32,0.531,101,12,20,0.6,24,30,16,546,0.0,102,332,186,6,2328,7.01,12.52,11,194.0,120,288,434,3339,20,7.69,11.59,278.3,40,59,585,48.75,110,21,245,1,11.67,110,21,245,1,11.67,50,38,16,6,11,33,0.868,97,38,11,10,12,33,0.868,9,559,3015,5.39,29,251.3,42,425,1662,3.91,16,138.5,41,21,127,1.75,59,39,34,0,0,16,1,318,26.5,82,41,36,2,0,11,0,319,26.6,57,58,30,291,73,6.1,96,182,67,0.368,73,69,173,0.399,104,   338:58,   28:14,53,6,10,16,9,6,15,1,0.08,2019,18.2,24.0,30.0,16.0,546.0,0.0,18.2,SEC,SEC West,6
Penn St.,13,11,2,57,885,5355,6.05,59,,411.9,34,935,4504,4.82,23,23,346.5,37,87,140,19,246,37,87,140,19,246,28,11,18,0.611,94,15,26,0.577,7,14,66,239,0.0,76,369,217,9,2877,7.8,13.26,25,221.3,100,273,451,3269,10,7.25,11.97,251.5,26,57,589,45.31,5,20,34,0,1.7,5,20,34,0,1.7,21,52,27,10,10,47,0.904,54,33,13,3,11,27,0.818,36,516,2478,4.8,34,190.6,5,484,1235,2.55,13,95.0,98,32,179,2.46,8,23,22,0,0,16,0,208,16.0,15,61,56,2,0,13,0,465,35.8,11,77,48,479,101,7.8,41,172,73,0.424,37,73,203,0.36,108,   362:40,   27:53,19,12,10,22,5,9,14,8,0.62,2019,17.07,7.0,14.0,66.0,239.0,0.0,17.07,Big Ten,Big Ten East,2
Purdue,12,4,8,75,862,4718,5.47,38,,393.2,100,869,5235,6.02,45,46,436.3,58,119,128,14,261,58,119,128,14,261,77,8,16,0.5,108,11,18,0.611,43,17,40,334,0.0,12,520,320,15,3719,7.15,11.62,29,309.9,94,236,382,2925,20,7.66,12.39,243.8,7,55,452,37.67,36,17,100,0,5.88,36,17,100,0,5.88,5,41,9,20,10,39,0.951,46,47,19,9,10,38,0.809,126,342,999,2.92,9,83.3,99,487,2310,4.74,25,192.5,86,28,212,2.33,86,46,42,1,0,15,1,367,30.6,87,39,35,1,0,13,0,310,25.8,61,60,24,272,72,6.0,56,179,73,0.408,82,71,175,0.406,114,   331:10,   27:35,113,6,9,15,8,15,23,-8,-0.67,2019,19.65,43.0,17.0,40.0,334.0,0.0,19.65,Big Ten,Big Ten West,5
Rutgers,12,2,10,129,735,3277,4.46,18,,273.1,98,837,5203,6.22,54,59,433.6,87,119,126,28,273,87,119,126,28,273,98,6,14,0.429,65,11,21,0.524,102,26,10,599,1.0,121,278,154,15,1672,6.01,10.86,7,139.3,76,209,343,2790,25,8.13,13.35,232.5,87,76,709,59.08,51,20,134,0,6.7,51,20,134,0,6.7,121,26,9,1,9,19,0.731,61,52,24,12,7,43,0.827,101,457,1605,3.51,11,133.8,107,494,2413,4.88,29,201.1,74,26,148,2.17,123,59,56,0,0,10,0,440,36.7,129,18,18,0,0,11,0,159,13.3,119,40,30,195,55,4.6,111,177,61,0.345,104,72,163,0.442,68,   360:27,   30:02,126,4,6,10,8,15,23,-13,-1.08,2019,23.04,102.0,26.0,10.0,599.0,1.0,23.04,Big Ten,Big Ten East,7
South Carolina,12,4,8,96,862,4463,5.18,30,,371.9,66,854,4719,5.53,32,37,393.3,37,97,127,22,246,37,97,127,22,246,81,13,27,0.481,9,5,14,0.357,115,16,37,384,0.0,74,466,268,7,2667,5.72,9.95,12,222.3,80,239,404,2823,23,6.99,11.81,235.3,72,79,656,54.67,124,18,249,2,13.83,124,18,249,2,13.83,105,34,13,4,9,26,0.765,48,37,7,11,12,30,0.811,82,396,1796,4.54,18,149.7,66,450,1896,4.21,9,158.0,69,25,166,2.08,53,37,35,1,0,18,0,313,26.1,104,31,29,0,0,18,0,269,22.4,61,63,18,271,72,6.0,120,184,59,0.321,56,69,180,0.383,117,   324:17,   27:01,43,5,12,17,7,7,14,3,0.25,2019,24.0,115.0,16.0,37.0,384.0,0.0,24.0,SEC,SEC East,6
Tennessee,13,8,5,100,821,4752,5.79,32,,365.5,23,868,4348,5.01,31,34,334.5,49,117,115,25,257,49,117,115,25,257,130,2,12,0.167,44,13,28,0.464,15,11,46,195,0.0,75,360,200,13,2878,7.99,14.39,19,221.4,16,216,375,2522,14,6.73,11.68,194.0,66,83,683,52.54,42,14,87,0,6.21,42,14,87,0,6.21,92,47,10,13,14,37,0.787,57,45,15,12,10,37,0.822,87,461,1874,4.07,13,144.2,48,493,1826,3.7,17,140.5,32,21,138,1.62,29,34,30,0,0,16,0,282,21.7,98,35,35,0,0,23,0,314,24.2,87,63,16,317,71,5.5,33,176,76,0.432,68,72,183,0.393,78,   381:44,   29:21,70,4,15,19,7,13,20,-1,-0.08,2019,17.73,15.0,11.0,46.0,195.0,0.0,17.73,SEC,SEC East,3
Texas A&M,13,8,5,72,881,5128,5.82,46,,394.5,29,842,4423,5.25,32,35,340.2,43,101,127,22,250,43,101,127,22,250,23,7,11,0.636,115,9,14,0.643,106,28,46,656,0.0,64,452,273,10,3060,6.77,11.21,22,235.4,41,232,425,2724,19,6.41,11.74,209.5,76,87,720,55.38,128,18,281,1,15.61,128,18,281,1,15.61,41,58,18,16,17,51,0.879,67,37,11,10,10,31,0.838,68,429,2068,4.82,24,159.1,30,417,1699,4.07,13,130.7,107,34,200,2.62,37,35,33,0,0,16,1,293,22.5,62,47,46,1,0,18,0,384,29.5,28,65,50,386,90,6.9,66,160,64,0.4,15,55,174,0.316,11,   430:26,   33:06,100,4,10,14,10,10,20,-6,-0.46,2019,23.43,106.0,28.0,46.0,656.0,0.0,23.43,SEC,SEC West,4
Vanderbilt,12,3,9,123,744,3592,4.83,21,,299.3,101,798,5239,6.57,48,50,436.6,66,131,109,24,264,66,131,109,24,264,113,8,21,0.381,30,6,14,0.429,83,13,26,279,0.0,115,381,202,10,2064,5.42,10.22,10,172.0,66,200,325,2734,23,8.41,13.67,227.8,71,76,649,54.08,46,26,166,1,6.38,46,26,166,1,6.38,124,21,7,4,4,15,0.714,39,46,16,14,7,37,0.804,111,363,1528,4.21,11,127.3,115,473,2505,5.3,25,208.8,86,28,179,2.33,95,50,49,1,0,10,0,381,31.8,125,24,22,1,0,10,0,198,16.5,74,52,34,258,69,5.8,126,166,49,0.295,62,59,151,0.391,87,   350:01,   29:10,83,5,6,11,3,10,13,-2,-0.17,2019,21.46,83.0,13.0,26.0,279.0,0.0,21.46,SEC,SEC East,7
Wisconsin,14,10,4,38,963,6065,6.3,56,,433.2,4,839,4020,4.79,29,30,287.1,23,78,121,28,227,23,78,121,28,227,3,18,23,0.783,37,12,27,0.444,6,16,69,272,0.0,96,351,246,5,2802,7.98,11.39,18,200.1,12,214,415,2623,18,6.32,12.26,187.4,28,69,636,45.43,58,15,104,0,6.93,58,15,104,0,6.93,47,54,27,9,11,47,0.87,11,36,9,11,6,26,0.722,15,612,3263,5.33,38,233.1,6,424,1397,3.29,11,99.8,23,20,121,1.43,10,30,25,1,0,10,0,237,16.9,23,62,61,0,0,14,1,477,34.1,38,81,20,444,91,6.5,9,189,91,0.481,1,48,176,0.273,1,   498:48,   35:37,61,10,12,22,17,5,22,0,0.0,2019,17.0,6.0,16.0,69.0,272.0,0.0,17.0,Big Ten,Big Ten West,1
